{"payload":{"file_name":"C:\\Users\\user\\Desktop\\yolov5\\train.py"},"type":"file_name"}
{"payload":{"additional_params":{"assetId":"3df767a2433c4d068becd47f2def95c9","context":null,"extension":"py","fileName":"C:\\Users\\user\\Desktop\\yolov5\\train.py","overwrite":false,"runId":"WqbzFfSuCIHfKk9QIDOytdtPg","step":null,"type":"source_code"},"clean":true,"file_path":"tmpqi1tlnai","local_timestamp":1685808126624,"metadata":{"source_code_type":"experiment_creation"},"upload_type":"source_code"},"type":"file_upload"}
{"payload":{"additional_params":{"assetId":"3a00bce7b3d74758b61087c20b0783ab","context":null,"extension":"py","fileName":"C:\\Users\\user\\Desktop\\yolov5\\train.py","overwrite":false,"runId":"WqbzFfSuCIHfKk9QIDOytdtPg","step":null,"type":"source_code"},"clean":true,"file_path":"tmpw3kn6rre","local_timestamp":1685808126627,"metadata":{"source_code_type":"python_script_name"},"upload_type":"source_code"},"type":"file_upload"}
{"payload":{"installed_packages":["attrs==23.1.0","certifi==2022.9.24","charset-normalizer==2.1.1","colorama==0.4.6","comet-ml==3.33.3","configobj==5.0.8","contourpy==1.0.7","cycler==0.11.0","dulwich==0.21.5","everett==3.1.0","filelock==3.12.0","fonttools==4.39.4","gitdb==4.0.10","gitpython==3.1.31","idna==3.4","jinja2==3.1.2","jsonschema==4.17.3","kiwisolver==1.4.4","markdown-it-py==2.2.0","markupsafe==2.1.3","matplotlib==3.7.1","mdurl==0.1.2","mpmath==1.3.0","mysql-connector-python==8.0.32","networkx==3.1","numpy==1.23.5","opencv-python==4.7.0.72","packaging==23.1","pandas==1.5.2","pillow==9.5.0","pip==23.1.2","psutil==5.9.5","pycoingecko==3.1.0","pygments==2.15.1","pyparsing==3.0.9","pyrsistent==0.19.3","python-box==6.1.0","python-dateutil==2.8.2","pytz==2022.6","pyyaml==6.0","requests-toolbelt==1.0.0","requests==2.28.1","rich==13.4.1","scipy==1.10.1","seaborn==0.12.2","semantic-version==2.10.0","sentry-sdk==1.25.0","setuptools==67.8.0","simplejson==3.19.1","six==1.16.0","smmap==5.0.0","sympy==1.12","thop==0.1.1.post2209072238","torch==2.0.1","torchvision==0.15.2","tqdm==4.65.0","typing-extensions==4.6.3","ultralytics==8.0.112","urllib3==1.26.13","websocket-client==1.3.3","wrapt==1.15.0","wurlitzer==3.0.3"]},"type":"installed_packages"}
{"payload":{"command":["C:\\Users\\user\\Desktop\\yolov5\\train.py","--img","640","--epochs","3","--data","coco128.yaml","--bbox_interval","1","--weights","yolov5s.pt"],"env":null,"hostname":"WIN-3H6PK9E5G9N","ip":"172.31.1.203","machine":"AMD64","os":"Windows-10-10.0.19044-SP0","os_release":"10","os_type":"Windows","pid":15412,"processor":"AMD64 Family 23 Model 113 Stepping 0, AuthenticAMD","python_exe":"C:\\Users\\user\\AppData\\Local\\Programs\\Python\\Python311\\python.exe","python_version":"3.11.0","python_version_verbose":"3.11.0 (main, Oct 24 2022, 18:26:48) [MSC v.1933 64 bit (AMD64)]","user":"user"},"type":"system_details"}
{"payload":{"gpu_static_info":[{"gpu_index":0,"name":"NVIDIA GeForce GTX 1650 SUPER","power_limit":100000,"total_memory":4294967296,"uuid":"GPU-4030928e-2422-47fe-2372-9cdf43506c71"}]},"type":"gpu_static_info"}
{"payload":{"local_timestamp":1685808126686,"metric":{"epoch":null,"metricName":"sys.gpu.0.total_memory","metricValue":4294967296,"step":null}},"type":"metric_msg"}
{"payload":{"local_timestamp":1685808126703,"param":{"paramName":"img","paramValue":640,"source":"cli","step":null}},"type":"parameter_msg"}
{"payload":{"local_timestamp":1685808126703,"param":{"paramName":"epochs","paramValue":3,"source":"cli","step":null}},"type":"parameter_msg"}
{"payload":{"local_timestamp":1685808126703,"param":{"paramName":"data","paramValue":"coco128.yaml","source":"cli","step":null}},"type":"parameter_msg"}
{"payload":{"local_timestamp":1685808126703,"param":{"paramName":"bbox_interval","paramValue":1,"source":"cli","step":null}},"type":"parameter_msg"}
{"payload":{"local_timestamp":1685808126703,"param":{"paramName":"weights","paramValue":"yolov5s.pt","source":"cli","step":null}},"type":"parameter_msg"}
{"payload":{"local_timestamp":1685808126711,"metric":{"epoch":null,"metricName":"sys.gpu.0.free_memory","metricValue":1935888384,"step":null}},"type":"metric_msg"}
{"payload":{"local_timestamp":1685808126711,"metric":{"epoch":null,"metricName":"sys.gpu.0.gpu_utilization","metricValue":29,"step":null}},"type":"metric_msg"}
{"payload":{"local_timestamp":1685808126711,"metric":{"epoch":null,"metricName":"sys.gpu.0.power_usage","metricValue":26652,"step":null}},"type":"metric_msg"}
{"payload":{"local_timestamp":1685808126711,"metric":{"epoch":null,"metricName":"sys.gpu.0.temperature","metricValue":46,"step":null}},"type":"metric_msg"}
{"payload":{"local_timestamp":1685808126711,"metric":{"epoch":null,"metricName":"sys.gpu.0.used_memory","metricValue":2359078912,"step":null}},"type":"metric_msg"}
{"payload":{"local_timestamp":1685808126988,"output":"\u001b[1;38;5;39mCOMET INFO:\u001b[0m Experiment is live on comet.com \u001b[38;5;39mhttps://www.comet.com/eskortz/general/96ccd969164c4ec6a0e80dba892a7bb3\u001b[0m\n\n","stderr":true},"type":"standard_output"}
{"payload":{"local_timestamp":1685808127260,"metric":{"epoch":null,"metricName":"sys.cpu.percent.avg","metricValue":71.14999999999999,"step":null}},"type":"metric_msg"}
{"payload":{"local_timestamp":1685808127260,"metric":{"epoch":null,"metricName":"sys.compute.overall","metricValue":71.1,"step":null}},"type":"metric_msg"}
{"payload":{"local_timestamp":1685808127260,"metric":{"epoch":null,"metricName":"sys.compute.utilized","metricValue":110.5,"step":null}},"type":"metric_msg"}
{"payload":{"local_timestamp":1685808127260,"metric":{"epoch":null,"metricName":"sys.load.avg","metricValue":0.0,"step":null}},"type":"metric_msg"}
{"payload":{"local_timestamp":1685808127260,"metric":{"epoch":null,"metricName":"sys.ram.total","metricValue":17106575360,"step":null}},"type":"metric_msg"}
{"payload":{"local_timestamp":1685808127260,"metric":{"epoch":null,"metricName":"sys.ram.used","metricValue":8840519680,"step":null}},"type":"metric_msg"}
{"payload":{"git_metadata":{"branch":"refs/heads/master","origin":"https://github.com/ultralytics/yolov5","parent":"5f11555e0796f9471185a16dc79860c236f656f8","repo_name":"yolov5","root":"1e84a23f38fad9e52b59101e9f1246d93066ed1e","status":null,"user":"eskortz"}},"type":"git_metadata"}
{"payload":{"additional_params":null,"clean":true,"file_path":"tmptmtx8d9b..zip","local_timestamp":1685808127436,"metadata":{},"upload_type":"git-patch"},"type":"file_upload"}
{"payload":{"local_timestamp":1685808186818,"metric":{"epoch":null,"metricName":"sys.gpu.0.free_memory","metricValue":1938190336,"step":null}},"type":"metric_msg"}
{"payload":{"local_timestamp":1685808186818,"metric":{"epoch":null,"metricName":"sys.gpu.0.gpu_utilization","metricValue":32,"step":null}},"type":"metric_msg"}
{"payload":{"local_timestamp":1685808186818,"metric":{"epoch":null,"metricName":"sys.gpu.0.power_usage","metricValue":26698,"step":null}},"type":"metric_msg"}
{"payload":{"local_timestamp":1685808186818,"metric":{"epoch":null,"metricName":"sys.gpu.0.temperature","metricValue":46,"step":null}},"type":"metric_msg"}
{"payload":{"local_timestamp":1685808186818,"metric":{"epoch":null,"metricName":"sys.gpu.0.used_memory","metricValue":2356776960,"step":null}},"type":"metric_msg"}
{"payload":{"local_timestamp":1685808187620,"metric":{"epoch":null,"metricName":"sys.cpu.percent.avg","metricValue":61.583333333333336,"step":null}},"type":"metric_msg"}
{"payload":{"local_timestamp":1685808187620,"metric":{"epoch":null,"metricName":"sys.compute.overall","metricValue":61.6,"step":null}},"type":"metric_msg"}
{"payload":{"local_timestamp":1685808187620,"metric":{"epoch":null,"metricName":"sys.compute.utilized","metricValue":0.0,"step":null}},"type":"metric_msg"}
{"payload":{"local_timestamp":1685808187620,"metric":{"epoch":null,"metricName":"sys.load.avg","metricValue":0.9,"step":null}},"type":"metric_msg"}
{"payload":{"local_timestamp":1685808187620,"metric":{"epoch":null,"metricName":"sys.ram.total","metricValue":17106575360,"step":null}},"type":"metric_msg"}
{"payload":{"local_timestamp":1685808187620,"metric":{"epoch":null,"metricName":"sys.ram.used","metricValue":11775123456,"step":null}},"type":"metric_msg"}
{"payload":{"local_timestamp":1685808247232,"metric":{"epoch":null,"metricName":"sys.gpu.0.free_memory","metricValue":2137403392,"step":null}},"type":"metric_msg"}
{"payload":{"local_timestamp":1685808247232,"metric":{"epoch":null,"metricName":"sys.gpu.0.gpu_utilization","metricValue":32,"step":null}},"type":"metric_msg"}
{"payload":{"local_timestamp":1685808247232,"metric":{"epoch":null,"metricName":"sys.gpu.0.power_usage","metricValue":27057,"step":null}},"type":"metric_msg"}
{"payload":{"local_timestamp":1685808247232,"metric":{"epoch":null,"metricName":"sys.gpu.0.temperature","metricValue":46,"step":null}},"type":"metric_msg"}
{"payload":{"local_timestamp":1685808247232,"metric":{"epoch":null,"metricName":"sys.gpu.0.used_memory","metricValue":2157563904,"step":null}},"type":"metric_msg"}
{"payload":{"local_timestamp":1685808248226,"metric":{"epoch":null,"metricName":"sys.cpu.percent.avg","metricValue":88.16666666666667,"step":null}},"type":"metric_msg"}
{"payload":{"local_timestamp":1685808248226,"metric":{"epoch":null,"metricName":"sys.compute.overall","metricValue":88.2,"step":null}},"type":"metric_msg"}
{"payload":{"local_timestamp":1685808248226,"metric":{"epoch":null,"metricName":"sys.compute.utilized","metricValue":0.0,"step":null}},"type":"metric_msg"}
{"payload":{"local_timestamp":1685808248226,"metric":{"epoch":null,"metricName":"sys.load.avg","metricValue":12.87,"step":null}},"type":"metric_msg"}
{"payload":{"local_timestamp":1685808248226,"metric":{"epoch":null,"metricName":"sys.ram.total","metricValue":17106575360,"step":null}},"type":"metric_msg"}
{"payload":{"local_timestamp":1685808248226,"metric":{"epoch":null,"metricName":"sys.ram.used","metricValue":13283983360,"step":null}},"type":"metric_msg"}
{"payload":{"local_timestamp":1685808307598,"metric":{"epoch":null,"metricName":"sys.gpu.0.free_memory","metricValue":2095263744,"step":null}},"type":"metric_msg"}
{"payload":{"local_timestamp":1685808307598,"metric":{"epoch":null,"metricName":"sys.gpu.0.gpu_utilization","metricValue":35,"step":null}},"type":"metric_msg"}
{"payload":{"local_timestamp":1685808307598,"metric":{"epoch":null,"metricName":"sys.gpu.0.power_usage","metricValue":26805,"step":null}},"type":"metric_msg"}
{"payload":{"local_timestamp":1685808307598,"metric":{"epoch":null,"metricName":"sys.gpu.0.temperature","metricValue":47,"step":null}},"type":"metric_msg"}
{"payload":{"local_timestamp":1685808307598,"metric":{"epoch":null,"metricName":"sys.gpu.0.used_memory","metricValue":2199703552,"step":null}},"type":"metric_msg"}
{"payload":{"local_timestamp":1685808308964,"metric":{"epoch":null,"metricName":"sys.cpu.percent.avg","metricValue":100.0,"step":null}},"type":"metric_msg"}
{"payload":{"local_timestamp":1685808308964,"metric":{"epoch":null,"metricName":"sys.compute.overall","metricValue":100.0,"step":null}},"type":"metric_msg"}
{"payload":{"local_timestamp":1685808308964,"metric":{"epoch":null,"metricName":"sys.compute.utilized","metricValue":0.0,"step":null}},"type":"metric_msg"}
{"payload":{"local_timestamp":1685808308964,"metric":{"epoch":null,"metricName":"sys.load.avg","metricValue":16.88,"step":null}},"type":"metric_msg"}
{"payload":{"local_timestamp":1685808308964,"metric":{"epoch":null,"metricName":"sys.ram.total","metricValue":17106575360,"step":null}},"type":"metric_msg"}
{"payload":{"local_timestamp":1685808308964,"metric":{"epoch":null,"metricName":"sys.ram.used","metricValue":11911655424,"step":null}},"type":"metric_msg"}
{"payload":{"local_timestamp":1685808368164,"metric":{"epoch":null,"metricName":"sys.gpu.0.free_memory","metricValue":2171183104,"step":null}},"type":"metric_msg"}
{"payload":{"local_timestamp":1685808368164,"metric":{"epoch":null,"metricName":"sys.gpu.0.gpu_utilization","metricValue":36,"step":null}},"type":"metric_msg"}
{"payload":{"local_timestamp":1685808368164,"metric":{"epoch":null,"metricName":"sys.gpu.0.power_usage","metricValue":26862,"step":null}},"type":"metric_msg"}
{"payload":{"local_timestamp":1685808368164,"metric":{"epoch":null,"metricName":"sys.gpu.0.temperature","metricValue":47,"step":null}},"type":"metric_msg"}
{"payload":{"local_timestamp":1685808368164,"metric":{"epoch":null,"metricName":"sys.gpu.0.used_memory","metricValue":2123784192,"step":null}},"type":"metric_msg"}
{"payload":{"local_timestamp":1685808369667,"metric":{"epoch":null,"metricName":"sys.cpu.percent.avg","metricValue":98.28333333333332,"step":null}},"type":"metric_msg"}
{"payload":{"local_timestamp":1685808369667,"metric":{"epoch":null,"metricName":"sys.compute.overall","metricValue":98.3,"step":null}},"type":"metric_msg"}
{"payload":{"local_timestamp":1685808369667,"metric":{"epoch":null,"metricName":"sys.compute.utilized","metricValue":0.0,"step":null}},"type":"metric_msg"}
{"payload":{"local_timestamp":1685808369667,"metric":{"epoch":null,"metricName":"sys.load.avg","metricValue":12.57,"step":null}},"type":"metric_msg"}
{"payload":{"local_timestamp":1685808369667,"metric":{"epoch":null,"metricName":"sys.ram.total","metricValue":17106575360,"step":null}},"type":"metric_msg"}
{"payload":{"local_timestamp":1685808369667,"metric":{"epoch":null,"metricName":"sys.ram.used","metricValue":12005384192,"step":null}},"type":"metric_msg"}
{"payload":{"local_timestamp":1685808428557,"metric":{"epoch":null,"metricName":"sys.gpu.0.free_memory","metricValue":1855094784,"step":null}},"type":"metric_msg"}
{"payload":{"local_timestamp":1685808428557,"metric":{"epoch":null,"metricName":"sys.gpu.0.gpu_utilization","metricValue":34,"step":null}},"type":"metric_msg"}
{"payload":{"local_timestamp":1685808428557,"metric":{"epoch":null,"metricName":"sys.gpu.0.power_usage","metricValue":26605,"step":null}},"type":"metric_msg"}
{"payload":{"local_timestamp":1685808428557,"metric":{"epoch":null,"metricName":"sys.gpu.0.temperature","metricValue":47,"step":null}},"type":"metric_msg"}
{"payload":{"local_timestamp":1685808428557,"metric":{"epoch":null,"metricName":"sys.gpu.0.used_memory","metricValue":2439872512,"step":null}},"type":"metric_msg"}
{"payload":{"local_timestamp":1685808430409,"metric":{"epoch":null,"metricName":"sys.cpu.percent.avg","metricValue":98.28333333333332,"step":null}},"type":"metric_msg"}
{"payload":{"local_timestamp":1685808430409,"metric":{"epoch":null,"metricName":"sys.compute.overall","metricValue":98.3,"step":null}},"type":"metric_msg"}
{"payload":{"local_timestamp":1685808430409,"metric":{"epoch":null,"metricName":"sys.compute.utilized","metricValue":0.0,"step":null}},"type":"metric_msg"}
{"payload":{"local_timestamp":1685808430409,"metric":{"epoch":null,"metricName":"sys.load.avg","metricValue":14.67,"step":null}},"type":"metric_msg"}
{"payload":{"local_timestamp":1685808430409,"metric":{"epoch":null,"metricName":"sys.ram.total","metricValue":17106575360,"step":null}},"type":"metric_msg"}
{"payload":{"local_timestamp":1685808430409,"metric":{"epoch":null,"metricName":"sys.ram.used","metricValue":13551542272,"step":null}},"type":"metric_msg"}
{"payload":{"local_timestamp":1685808488834,"metric":{"epoch":null,"metricName":"sys.gpu.0.free_memory","metricValue":1605853184,"step":null}},"type":"metric_msg"}
{"payload":{"local_timestamp":1685808488834,"metric":{"epoch":null,"metricName":"sys.gpu.0.gpu_utilization","metricValue":34,"step":null}},"type":"metric_msg"}
{"payload":{"local_timestamp":1685808488834,"metric":{"epoch":null,"metricName":"sys.gpu.0.power_usage","metricValue":26929,"step":null}},"type":"metric_msg"}
{"payload":{"local_timestamp":1685808488834,"metric":{"epoch":null,"metricName":"sys.gpu.0.temperature","metricValue":47,"step":null}},"type":"metric_msg"}
{"payload":{"local_timestamp":1685808488834,"metric":{"epoch":null,"metricName":"sys.gpu.0.used_memory","metricValue":2689114112,"step":null}},"type":"metric_msg"}
{"payload":{"local_timestamp":1685808491155,"metric":{"epoch":null,"metricName":"sys.cpu.percent.avg","metricValue":100.0,"step":null}},"type":"metric_msg"}
{"payload":{"local_timestamp":1685808491155,"metric":{"epoch":null,"metricName":"sys.compute.overall","metricValue":100.0,"step":null}},"type":"metric_msg"}
{"payload":{"local_timestamp":1685808491155,"metric":{"epoch":null,"metricName":"sys.compute.utilized","metricValue":0.0,"step":null}},"type":"metric_msg"}
{"payload":{"local_timestamp":1685808491155,"metric":{"epoch":null,"metricName":"sys.load.avg","metricValue":11.79,"step":null}},"type":"metric_msg"}
{"payload":{"local_timestamp":1685808491155,"metric":{"epoch":null,"metricName":"sys.ram.total","metricValue":17106575360,"step":null}},"type":"metric_msg"}
{"payload":{"local_timestamp":1685808491155,"metric":{"epoch":null,"metricName":"sys.ram.used","metricValue":11899715584,"step":null}},"type":"metric_msg"}
{"payload":{"local_timestamp":1685808549276,"metric":{"epoch":null,"metricName":"sys.gpu.0.free_memory","metricValue":1750048768,"step":null}},"type":"metric_msg"}
{"payload":{"local_timestamp":1685808549276,"metric":{"epoch":null,"metricName":"sys.gpu.0.gpu_utilization","metricValue":33,"step":null}},"type":"metric_msg"}
{"payload":{"local_timestamp":1685808549276,"metric":{"epoch":null,"metricName":"sys.gpu.0.power_usage","metricValue":26889,"step":null}},"type":"metric_msg"}
{"payload":{"local_timestamp":1685808549276,"metric":{"epoch":null,"metricName":"sys.gpu.0.temperature","metricValue":47,"step":null}},"type":"metric_msg"}
{"payload":{"local_timestamp":1685808549276,"metric":{"epoch":null,"metricName":"sys.gpu.0.used_memory","metricValue":2544918528,"step":null}},"type":"metric_msg"}
{"payload":{"local_timestamp":1685808551825,"metric":{"epoch":null,"metricName":"sys.cpu.percent.avg","metricValue":99.3,"step":null}},"type":"metric_msg"}
{"payload":{"local_timestamp":1685808551825,"metric":{"epoch":null,"metricName":"sys.compute.overall","metricValue":99.3,"step":null}},"type":"metric_msg"}
{"payload":{"local_timestamp":1685808551825,"metric":{"epoch":null,"metricName":"sys.compute.utilized","metricValue":0.0,"step":null}},"type":"metric_msg"}
{"payload":{"local_timestamp":1685808551825,"metric":{"epoch":null,"metricName":"sys.load.avg","metricValue":13.35,"step":null}},"type":"metric_msg"}
{"payload":{"local_timestamp":1685808551825,"metric":{"epoch":null,"metricName":"sys.ram.total","metricValue":17106575360,"step":null}},"type":"metric_msg"}
{"payload":{"local_timestamp":1685808551825,"metric":{"epoch":null,"metricName":"sys.ram.used","metricValue":15498973184,"step":null}},"type":"metric_msg"}
{"payload":{"local_timestamp":1685808609494,"metric":{"epoch":null,"metricName":"sys.gpu.0.free_memory","metricValue":1800773632,"step":null}},"type":"metric_msg"}
{"payload":{"local_timestamp":1685808609494,"metric":{"epoch":null,"metricName":"sys.gpu.0.gpu_utilization","metricValue":33,"step":null}},"type":"metric_msg"}
{"payload":{"local_timestamp":1685808609494,"metric":{"epoch":null,"metricName":"sys.gpu.0.power_usage","metricValue":26917,"step":null}},"type":"metric_msg"}
{"payload":{"local_timestamp":1685808609494,"metric":{"epoch":null,"metricName":"sys.gpu.0.temperature","metricValue":47,"step":null}},"type":"metric_msg"}
{"payload":{"local_timestamp":1685808609494,"metric":{"epoch":null,"metricName":"sys.gpu.0.used_memory","metricValue":2494193664,"step":null}},"type":"metric_msg"}
{"payload":{"local_timestamp":1685808612419,"metric":{"epoch":null,"metricName":"sys.cpu.percent.avg","metricValue":100.0,"step":null}},"type":"metric_msg"}
{"payload":{"local_timestamp":1685808612419,"metric":{"epoch":null,"metricName":"sys.compute.overall","metricValue":100.0,"step":null}},"type":"metric_msg"}
{"payload":{"local_timestamp":1685808612419,"metric":{"epoch":null,"metricName":"sys.compute.utilized","metricValue":0.0,"step":null}},"type":"metric_msg"}
{"payload":{"local_timestamp":1685808612419,"metric":{"epoch":null,"metricName":"sys.load.avg","metricValue":14.83,"step":null}},"type":"metric_msg"}
{"payload":{"local_timestamp":1685808612419,"metric":{"epoch":null,"metricName":"sys.ram.total","metricValue":17106575360,"step":null}},"type":"metric_msg"}
{"payload":{"local_timestamp":1685808612419,"metric":{"epoch":null,"metricName":"sys.ram.used","metricValue":12355301376,"step":null}},"type":"metric_msg"}
{"payload":{"local_timestamp":1685808669810,"metric":{"epoch":null,"metricName":"sys.gpu.0.free_memory","metricValue":1816109056,"step":null}},"type":"metric_msg"}
{"payload":{"local_timestamp":1685808669810,"metric":{"epoch":null,"metricName":"sys.gpu.0.gpu_utilization","metricValue":32,"step":null}},"type":"metric_msg"}
{"payload":{"local_timestamp":1685808669810,"metric":{"epoch":null,"metricName":"sys.gpu.0.power_usage","metricValue":26691,"step":null}},"type":"metric_msg"}
{"payload":{"local_timestamp":1685808669810,"metric":{"epoch":null,"metricName":"sys.gpu.0.temperature","metricValue":47,"step":null}},"type":"metric_msg"}
{"payload":{"local_timestamp":1685808669810,"metric":{"epoch":null,"metricName":"sys.gpu.0.used_memory","metricValue":2478858240,"step":null}},"type":"metric_msg"}
{"payload":{"local_timestamp":1685808673160,"metric":{"epoch":null,"metricName":"sys.cpu.percent.avg","metricValue":99.98333333333333,"step":null}},"type":"metric_msg"}
{"payload":{"local_timestamp":1685808673160,"metric":{"epoch":null,"metricName":"sys.compute.overall","metricValue":100.0,"step":null}},"type":"metric_msg"}
{"payload":{"local_timestamp":1685808673160,"metric":{"epoch":null,"metricName":"sys.compute.utilized","metricValue":0.0,"step":null}},"type":"metric_msg"}
{"payload":{"local_timestamp":1685808673160,"metric":{"epoch":null,"metricName":"sys.load.avg","metricValue":15.84,"step":null}},"type":"metric_msg"}
{"payload":{"local_timestamp":1685808673160,"metric":{"epoch":null,"metricName":"sys.ram.total","metricValue":17106575360,"step":null}},"type":"metric_msg"}
{"payload":{"local_timestamp":1685808673160,"metric":{"epoch":null,"metricName":"sys.ram.used","metricValue":12708675584,"step":null}},"type":"metric_msg"}
{"payload":{"local_timestamp":1685808730061,"metric":{"epoch":null,"metricName":"sys.gpu.0.free_memory","metricValue":1895481344,"step":null}},"type":"metric_msg"}
{"payload":{"local_timestamp":1685808730061,"metric":{"epoch":null,"metricName":"sys.gpu.0.gpu_utilization","metricValue":31,"step":null}},"type":"metric_msg"}
{"payload":{"local_timestamp":1685808730061,"metric":{"epoch":null,"metricName":"sys.gpu.0.power_usage","metricValue":26677,"step":null}},"type":"metric_msg"}
{"payload":{"local_timestamp":1685808730061,"metric":{"epoch":null,"metricName":"sys.gpu.0.temperature","metricValue":47,"step":null}},"type":"metric_msg"}
{"payload":{"local_timestamp":1685808730061,"metric":{"epoch":null,"metricName":"sys.gpu.0.used_memory","metricValue":2399485952,"step":null}},"type":"metric_msg"}
{"payload":{"local_timestamp":1685808730383,"output":"\u001b[1;38;5;39mCOMET INFO:\u001b[0m ---------------------------------------------------------------------------------------\n","stderr":true},"type":"standard_output"}
{"payload":{"local_timestamp":1685808730386,"output":"\u001b[1;38;5;39mCOMET INFO:\u001b[0m Comet.ml Experiment Summary\n","stderr":true},"type":"standard_output"}
{"payload":{"local_timestamp":1685808730393,"output":"\u001b[1;38;5;39mCOMET INFO:\u001b[0m ---------------------------------------------------------------------------------------\n","stderr":true},"type":"standard_output"}
{"payload":{"local_timestamp":1685808730397,"output":"\u001b[1;38;5;39mCOMET INFO:\u001b[0m   Data:\n","stderr":true},"type":"standard_output"}
{"payload":{"local_timestamp":1685808730401,"output":"\u001b[1;38;5;39mCOMET INFO:\u001b[0m     display_summary_level : 1\n","stderr":true},"type":"standard_output"}
{"payload":{"local_timestamp":1685808730403,"output":"\u001b[1;38;5;39mCOMET INFO:\u001b[0m     url                   : \u001b[38;5;39mhttps://www.comet.com/eskortz/general/96ccd969164c4ec6a0e80dba892a7bb3\u001b[0m\n","stderr":true},"type":"standard_output"}
{"payload":{"local_timestamp":1685808730407,"output":"\u001b[1;38;5;39mCOMET INFO:\u001b[0m   Uploads:\n","stderr":true},"type":"standard_output"}
{"payload":{"local_timestamp":1685808730409,"output":"\u001b[1;38;5;39mCOMET INFO:\u001b[0m     environment details      : 1\n","stderr":true},"type":"standard_output"}
{"payload":{"local_timestamp":1685808730411,"output":"\u001b[1;38;5;39mCOMET INFO:\u001b[0m     filename                 : 1\n","stderr":true},"type":"standard_output"}
{"payload":{"local_timestamp":1685808730460,"output":"\u001b[1;38;5;39mCOMET INFO:\u001b[0m     git metadata             : 1\n","stderr":true},"type":"standard_output"}
{"payload":{"local_timestamp":1685808730479,"output":"\u001b[1;38;5;39mCOMET INFO:\u001b[0m     git-patch (uncompressed) : 1 (6.14 KB)\n","stderr":true},"type":"standard_output"}
{"payload":{"local_timestamp":1685808730480,"output":"\u001b[1;38;5;39mCOMET INFO:\u001b[0m     installed packages       : 1\n","stderr":true},"type":"standard_output"}
{"payload":{"local_timestamp":1685808730485,"output":"\u001b[1;38;5;39mCOMET INFO:\u001b[0m     source_code              : 2 (67.62 KB)\n","stderr":true},"type":"standard_output"}
{"payload":{"local_timestamp":1685808730490,"output":"\u001b[1;38;5;39mCOMET INFO:\u001b[0m \n","stderr":true},"type":"standard_output"}
