{"payload":{"file_name":"C:\\Users\\user\\Desktop\\yolov5\\train.py"},"type":"file_name"}
{"payload":{"additional_params":{"assetId":"57b4c8d25bd04e7ea58f0bb55df5981e","context":null,"extension":"py","fileName":"C:\\Users\\user\\Desktop\\yolov5\\train.py","overwrite":false,"runId":"lxoAve5Dws7rziDQGH15M4wjx","step":null,"type":"source_code"},"clean":true,"file_path":"tmpp5ku1cl1","local_timestamp":1685808162741,"metadata":{"source_code_type":"experiment_creation"},"upload_type":"source_code"},"type":"file_upload"}
{"payload":{"additional_params":{"assetId":"2b89cabbab454c59a7d32f4bb3325ad7","context":null,"extension":"py","fileName":"C:\\Users\\user\\Desktop\\yolov5\\train.py","overwrite":false,"runId":"lxoAve5Dws7rziDQGH15M4wjx","step":null,"type":"source_code"},"clean":true,"file_path":"tmpd2vr0zcz","local_timestamp":1685808162743,"metadata":{"source_code_type":"python_script_name"},"upload_type":"source_code"},"type":"file_upload"}
{"payload":{"installed_packages":["attrs==23.1.0","certifi==2022.9.24","charset-normalizer==2.1.1","colorama==0.4.6","comet-ml==3.33.3","configobj==5.0.8","contourpy==1.0.7","cycler==0.11.0","dulwich==0.21.5","everett==3.1.0","filelock==3.12.0","fonttools==4.39.4","gitdb==4.0.10","gitpython==3.1.31","idna==3.4","jinja2==3.1.2","jsonschema==4.17.3","kiwisolver==1.4.4","markdown-it-py==2.2.0","markupsafe==2.1.3","matplotlib==3.7.1","mdurl==0.1.2","mpmath==1.3.0","mysql-connector-python==8.0.32","networkx==3.1","numpy==1.23.5","opencv-python==4.7.0.72","packaging==23.1","pandas==1.5.2","pillow==9.5.0","pip==23.1.2","psutil==5.9.5","pycoingecko==3.1.0","pygments==2.15.1","pyparsing==3.0.9","pyrsistent==0.19.3","python-box==6.1.0","python-dateutil==2.8.2","pytz==2022.6","pyyaml==6.0","requests-toolbelt==1.0.0","requests==2.28.1","rich==13.4.1","scipy==1.10.1","seaborn==0.12.2","semantic-version==2.10.0","sentry-sdk==1.25.0","setuptools==67.8.0","simplejson==3.19.1","six==1.16.0","smmap==5.0.0","sympy==1.12","thop==0.1.1.post2209072238","torch==2.0.1","torchvision==0.15.2","tqdm==4.65.0","typing-extensions==4.6.3","ultralytics==8.0.112","urllib3==1.26.13","websocket-client==1.3.3","wrapt==1.15.0","wurlitzer==3.0.3"]},"type":"installed_packages"}
{"payload":{"command":["C:\\Users\\user\\Desktop\\yolov5\\train.py","--img","640","--epochs","3","--data","coco128.yaml","--bbox_interval","1","--weights","yolov5s.pt"],"env":null,"hostname":"WIN-3H6PK9E5G9N","ip":"172.31.1.203","machine":"AMD64","os":"Windows-10-10.0.19044-SP0","os_release":"10","os_type":"Windows","pid":6928,"processor":"AMD64 Family 23 Model 113 Stepping 0, AuthenticAMD","python_exe":"C:\\Users\\user\\AppData\\Local\\Programs\\Python\\Python311\\python.exe","python_version":"3.11.0","python_version_verbose":"3.11.0 (main, Oct 24 2022, 18:26:48) [MSC v.1933 64 bit (AMD64)]","user":"user"},"type":"system_details"}
{"payload":{"gpu_static_info":[{"gpu_index":0,"name":"NVIDIA GeForce GTX 1650 SUPER","power_limit":100000,"total_memory":4294967296,"uuid":"GPU-4030928e-2422-47fe-2372-9cdf43506c71"}]},"type":"gpu_static_info"}
{"payload":{"local_timestamp":1685808162800,"metric":{"epoch":null,"metricName":"sys.gpu.0.total_memory","metricValue":4294967296,"step":null}},"type":"metric_msg"}
{"payload":{"local_timestamp":1685808162813,"param":{"paramName":"img","paramValue":640,"source":"cli","step":null}},"type":"parameter_msg"}
{"payload":{"local_timestamp":1685808162813,"param":{"paramName":"epochs","paramValue":3,"source":"cli","step":null}},"type":"parameter_msg"}
{"payload":{"local_timestamp":1685808162813,"param":{"paramName":"data","paramValue":"coco128.yaml","source":"cli","step":null}},"type":"parameter_msg"}
{"payload":{"local_timestamp":1685808162813,"param":{"paramName":"bbox_interval","paramValue":1,"source":"cli","step":null}},"type":"parameter_msg"}
{"payload":{"local_timestamp":1685808162813,"param":{"paramName":"weights","paramValue":"yolov5s.pt","source":"cli","step":null}},"type":"parameter_msg"}
{"payload":{"local_timestamp":1685808162819,"metric":{"epoch":null,"metricName":"sys.gpu.0.free_memory","metricValue":1944350720,"step":null}},"type":"metric_msg"}
{"payload":{"local_timestamp":1685808162819,"metric":{"epoch":null,"metricName":"sys.gpu.0.gpu_utilization","metricValue":27,"step":null}},"type":"metric_msg"}
{"payload":{"local_timestamp":1685808162819,"metric":{"epoch":null,"metricName":"sys.gpu.0.power_usage","metricValue":26272,"step":null}},"type":"metric_msg"}
{"payload":{"local_timestamp":1685808162819,"metric":{"epoch":null,"metricName":"sys.gpu.0.temperature","metricValue":46,"step":null}},"type":"metric_msg"}
{"payload":{"local_timestamp":1685808162819,"metric":{"epoch":null,"metricName":"sys.gpu.0.used_memory","metricValue":2350616576,"step":null}},"type":"metric_msg"}
{"payload":{"local_timestamp":1685808163102,"output":"\u001b[1;38;5;39mCOMET INFO:\u001b[0m Experiment is live on comet.com \u001b[38;5;39mhttps://www.comet.com/eskortz/general/75fda72debea48a4a63c637cee09d608\u001b[0m\n\n","stderr":true},"type":"standard_output"}
{"payload":{"git_metadata":{"branch":"refs/heads/master","origin":"https://github.com/ultralytics/yolov5","parent":"5f11555e0796f9471185a16dc79860c236f656f8","repo_name":"yolov5","root":"1e84a23f38fad9e52b59101e9f1246d93066ed1e","status":null,"user":"eskortz"}},"type":"git_metadata"}
{"payload":{"local_timestamp":1685808163336,"metric":{"epoch":null,"metricName":"sys.cpu.percent.avg","metricValue":52.28333333333333,"step":null}},"type":"metric_msg"}
{"payload":{"local_timestamp":1685808163336,"metric":{"epoch":null,"metricName":"sys.compute.overall","metricValue":52.3,"step":null}},"type":"metric_msg"}
{"payload":{"local_timestamp":1685808163336,"metric":{"epoch":null,"metricName":"sys.compute.utilized","metricValue":105.2,"step":null}},"type":"metric_msg"}
{"payload":{"local_timestamp":1685808163336,"metric":{"epoch":null,"metricName":"sys.load.avg","metricValue":0.0,"step":null}},"type":"metric_msg"}
{"payload":{"local_timestamp":1685808163336,"metric":{"epoch":null,"metricName":"sys.ram.total","metricValue":17106575360,"step":null}},"type":"metric_msg"}
{"payload":{"local_timestamp":1685808163336,"metric":{"epoch":null,"metricName":"sys.ram.used","metricValue":10428882944,"step":null}},"type":"metric_msg"}
{"payload":{"additional_params":null,"clean":true,"file_path":"tmp27_h_9uk..zip","local_timestamp":1685808163452,"metadata":{},"upload_type":"git-patch"},"type":"file_upload"}
{"payload":{"local_timestamp":1685808223034,"metric":{"epoch":null,"metricName":"sys.gpu.0.free_memory","metricValue":2114793472,"step":null}},"type":"metric_msg"}
{"payload":{"local_timestamp":1685808223034,"metric":{"epoch":null,"metricName":"sys.gpu.0.gpu_utilization","metricValue":34,"step":null}},"type":"metric_msg"}
{"payload":{"local_timestamp":1685808223035,"metric":{"epoch":null,"metricName":"sys.gpu.0.power_usage","metricValue":26871,"step":null}},"type":"metric_msg"}
{"payload":{"local_timestamp":1685808223035,"metric":{"epoch":null,"metricName":"sys.gpu.0.temperature","metricValue":47,"step":null}},"type":"metric_msg"}
{"payload":{"local_timestamp":1685808223035,"metric":{"epoch":null,"metricName":"sys.gpu.0.used_memory","metricValue":2180173824,"step":null}},"type":"metric_msg"}
{"payload":{"local_timestamp":1685808223942,"metric":{"epoch":null,"metricName":"sys.cpu.percent.avg","metricValue":73.11666666666666,"step":null}},"type":"metric_msg"}
{"payload":{"local_timestamp":1685808223942,"metric":{"epoch":null,"metricName":"sys.compute.overall","metricValue":73.1,"step":null}},"type":"metric_msg"}
{"payload":{"local_timestamp":1685808223942,"metric":{"epoch":null,"metricName":"sys.compute.utilized","metricValue":0.0,"step":null}},"type":"metric_msg"}
{"payload":{"local_timestamp":1685808223942,"metric":{"epoch":null,"metricName":"sys.load.avg","metricValue":8.52,"step":null}},"type":"metric_msg"}
{"payload":{"local_timestamp":1685808223942,"metric":{"epoch":null,"metricName":"sys.ram.total","metricValue":17106575360,"step":null}},"type":"metric_msg"}
{"payload":{"local_timestamp":1685808223942,"metric":{"epoch":null,"metricName":"sys.ram.used","metricValue":13513150464,"step":null}},"type":"metric_msg"}
{"payload":{"local_timestamp":1685808283453,"metric":{"epoch":null,"metricName":"sys.gpu.0.free_memory","metricValue":2120232960,"step":null}},"type":"metric_msg"}
{"payload":{"local_timestamp":1685808283453,"metric":{"epoch":null,"metricName":"sys.gpu.0.gpu_utilization","metricValue":33,"step":null}},"type":"metric_msg"}
{"payload":{"local_timestamp":1685808283453,"metric":{"epoch":null,"metricName":"sys.gpu.0.power_usage","metricValue":26868,"step":null}},"type":"metric_msg"}
{"payload":{"local_timestamp":1685808283453,"metric":{"epoch":null,"metricName":"sys.gpu.0.temperature","metricValue":46,"step":null}},"type":"metric_msg"}
{"payload":{"local_timestamp":1685808283453,"metric":{"epoch":null,"metricName":"sys.gpu.0.used_memory","metricValue":2174734336,"step":null}},"type":"metric_msg"}
{"payload":{"local_timestamp":1685808284595,"metric":{"epoch":null,"metricName":"sys.cpu.percent.avg","metricValue":99.61666666666667,"step":null}},"type":"metric_msg"}
{"payload":{"local_timestamp":1685808284595,"metric":{"epoch":null,"metricName":"sys.compute.overall","metricValue":99.6,"step":null}},"type":"metric_msg"}
{"payload":{"local_timestamp":1685808284595,"metric":{"epoch":null,"metricName":"sys.compute.utilized","metricValue":0.0,"step":null}},"type":"metric_msg"}
{"payload":{"local_timestamp":1685808284595,"metric":{"epoch":null,"metricName":"sys.load.avg","metricValue":16.06,"step":null}},"type":"metric_msg"}
{"payload":{"local_timestamp":1685808284595,"metric":{"epoch":null,"metricName":"sys.ram.total","metricValue":17106575360,"step":null}},"type":"metric_msg"}
{"payload":{"local_timestamp":1685808284595,"metric":{"epoch":null,"metricName":"sys.ram.used","metricValue":15479590912,"step":null}},"type":"metric_msg"}
{"payload":{"local_timestamp":1685808343849,"metric":{"epoch":null,"metricName":"sys.gpu.0.free_memory","metricValue":2100113408,"step":null}},"type":"metric_msg"}
{"payload":{"local_timestamp":1685808343850,"metric":{"epoch":null,"metricName":"sys.gpu.0.gpu_utilization","metricValue":37,"step":null}},"type":"metric_msg"}
{"payload":{"local_timestamp":1685808343850,"metric":{"epoch":null,"metricName":"sys.gpu.0.power_usage","metricValue":26637,"step":null}},"type":"metric_msg"}
{"payload":{"local_timestamp":1685808343850,"metric":{"epoch":null,"metricName":"sys.gpu.0.temperature","metricValue":47,"step":null}},"type":"metric_msg"}
{"payload":{"local_timestamp":1685808343850,"metric":{"epoch":null,"metricName":"sys.gpu.0.used_memory","metricValue":2194853888,"step":null}},"type":"metric_msg"}
{"payload":{"local_timestamp":1685808345354,"metric":{"epoch":null,"metricName":"sys.cpu.percent.avg","metricValue":100.0,"step":null}},"type":"metric_msg"}
{"payload":{"local_timestamp":1685808345354,"metric":{"epoch":null,"metricName":"sys.compute.overall","metricValue":100.0,"step":null}},"type":"metric_msg"}
{"payload":{"local_timestamp":1685808345354,"metric":{"epoch":null,"metricName":"sys.compute.utilized","metricValue":0.0,"step":null}},"type":"metric_msg"}
{"payload":{"local_timestamp":1685808345354,"metric":{"epoch":null,"metricName":"sys.load.avg","metricValue":21.35,"step":null}},"type":"metric_msg"}
{"payload":{"local_timestamp":1685808345354,"metric":{"epoch":null,"metricName":"sys.ram.total","metricValue":17106575360,"step":null}},"type":"metric_msg"}
{"payload":{"local_timestamp":1685808345354,"metric":{"epoch":null,"metricName":"sys.ram.used","metricValue":11965988864,"step":null}},"type":"metric_msg"}
{"payload":{"local_timestamp":1685808404225,"metric":{"epoch":null,"metricName":"sys.gpu.0.free_memory","metricValue":1998401536,"step":null}},"type":"metric_msg"}
{"payload":{"local_timestamp":1685808404226,"metric":{"epoch":null,"metricName":"sys.gpu.0.gpu_utilization","metricValue":35,"step":null}},"type":"metric_msg"}
{"payload":{"local_timestamp":1685808404226,"metric":{"epoch":null,"metricName":"sys.gpu.0.power_usage","metricValue":26180,"step":null}},"type":"metric_msg"}
{"payload":{"local_timestamp":1685808404226,"metric":{"epoch":null,"metricName":"sys.gpu.0.temperature","metricValue":47,"step":null}},"type":"metric_msg"}
{"payload":{"local_timestamp":1685808404226,"metric":{"epoch":null,"metricName":"sys.gpu.0.used_memory","metricValue":2296565760,"step":null}},"type":"metric_msg"}
{"payload":{"local_timestamp":1685808406098,"metric":{"epoch":null,"metricName":"sys.cpu.percent.avg","metricValue":96.58333333333333,"step":null}},"type":"metric_msg"}
{"payload":{"local_timestamp":1685808406098,"metric":{"epoch":null,"metricName":"sys.compute.overall","metricValue":96.6,"step":null}},"type":"metric_msg"}
{"payload":{"local_timestamp":1685808406098,"metric":{"epoch":null,"metricName":"sys.compute.utilized","metricValue":0.0,"step":null}},"type":"metric_msg"}
{"payload":{"local_timestamp":1685808406098,"metric":{"epoch":null,"metricName":"sys.load.avg","metricValue":16.53,"step":null}},"type":"metric_msg"}
{"payload":{"local_timestamp":1685808406098,"metric":{"epoch":null,"metricName":"sys.ram.total","metricValue":17106575360,"step":null}},"type":"metric_msg"}
{"payload":{"local_timestamp":1685808406098,"metric":{"epoch":null,"metricName":"sys.ram.used","metricValue":14444650496,"step":null}},"type":"metric_msg"}
{"payload":{"local_timestamp":1685808416161,"output":"\u001b[1;38;5;196mCOMET ERROR:\u001b[0m Heartbeat processing error\n","stderr":true},"type":"standard_output"}
{"payload":{"local_timestamp":1685808464613,"metric":{"epoch":null,"metricName":"sys.gpu.0.free_memory","metricValue":1661493248,"step":null}},"type":"metric_msg"}
{"payload":{"local_timestamp":1685808464613,"metric":{"epoch":null,"metricName":"sys.gpu.0.gpu_utilization","metricValue":34,"step":null}},"type":"metric_msg"}
{"payload":{"local_timestamp":1685808464613,"metric":{"epoch":null,"metricName":"sys.gpu.0.power_usage","metricValue":26906,"step":null}},"type":"metric_msg"}
{"payload":{"local_timestamp":1685808464613,"metric":{"epoch":null,"metricName":"sys.gpu.0.temperature","metricValue":47,"step":null}},"type":"metric_msg"}
{"payload":{"local_timestamp":1685808464613,"metric":{"epoch":null,"metricName":"sys.gpu.0.used_memory","metricValue":2633474048,"step":null}},"type":"metric_msg"}
{"payload":{"local_timestamp":1685808466940,"metric":{"epoch":null,"metricName":"sys.cpu.percent.avg","metricValue":99.98333333333333,"step":null}},"type":"metric_msg"}
{"payload":{"local_timestamp":1685808466940,"metric":{"epoch":null,"metricName":"sys.compute.overall","metricValue":100.0,"step":null}},"type":"metric_msg"}
{"payload":{"local_timestamp":1685808466940,"metric":{"epoch":null,"metricName":"sys.compute.utilized","metricValue":0.0,"step":null}},"type":"metric_msg"}
{"payload":{"local_timestamp":1685808466940,"metric":{"epoch":null,"metricName":"sys.load.avg","metricValue":16.25,"step":null}},"type":"metric_msg"}
{"payload":{"local_timestamp":1685808466940,"metric":{"epoch":null,"metricName":"sys.ram.total","metricValue":17106575360,"step":null}},"type":"metric_msg"}
{"payload":{"local_timestamp":1685808466940,"metric":{"epoch":null,"metricName":"sys.ram.used","metricValue":15874748416,"step":null}},"type":"metric_msg"}
{"payload":{"local_timestamp":1685808524975,"metric":{"epoch":null,"metricName":"sys.gpu.0.free_memory","metricValue":1678868480,"step":null}},"type":"metric_msg"}
{"payload":{"local_timestamp":1685808524975,"metric":{"epoch":null,"metricName":"sys.gpu.0.gpu_utilization","metricValue":32,"step":null}},"type":"metric_msg"}
{"payload":{"local_timestamp":1685808524975,"metric":{"epoch":null,"metricName":"sys.gpu.0.power_usage","metricValue":26719,"step":null}},"type":"metric_msg"}
{"payload":{"local_timestamp":1685808524975,"metric":{"epoch":null,"metricName":"sys.gpu.0.temperature","metricValue":47,"step":null}},"type":"metric_msg"}
{"payload":{"local_timestamp":1685808524975,"metric":{"epoch":null,"metricName":"sys.gpu.0.used_memory","metricValue":2616098816,"step":null}},"type":"metric_msg"}
{"payload":{"local_timestamp":1685808527615,"metric":{"epoch":null,"metricName":"sys.cpu.percent.avg","metricValue":99.39999999999999,"step":null}},"type":"metric_msg"}
{"payload":{"local_timestamp":1685808527615,"metric":{"epoch":null,"metricName":"sys.compute.overall","metricValue":99.4,"step":null}},"type":"metric_msg"}
{"payload":{"local_timestamp":1685808527615,"metric":{"epoch":null,"metricName":"sys.compute.utilized","metricValue":0.0,"step":null}},"type":"metric_msg"}
{"payload":{"local_timestamp":1685808527615,"metric":{"epoch":null,"metricName":"sys.load.avg","metricValue":15.0,"step":null}},"type":"metric_msg"}
{"payload":{"local_timestamp":1685808527615,"metric":{"epoch":null,"metricName":"sys.ram.total","metricValue":17106575360,"step":null}},"type":"metric_msg"}
{"payload":{"local_timestamp":1685808527615,"metric":{"epoch":null,"metricName":"sys.ram.used","metricValue":11990507520,"step":null}},"type":"metric_msg"}
{"payload":{"local_timestamp":1685808585252,"metric":{"epoch":null,"metricName":"sys.gpu.0.free_memory","metricValue":1738022912,"step":null}},"type":"metric_msg"}
{"payload":{"local_timestamp":1685808585253,"metric":{"epoch":null,"metricName":"sys.gpu.0.gpu_utilization","metricValue":30,"step":null}},"type":"metric_msg"}
{"payload":{"local_timestamp":1685808585253,"metric":{"epoch":null,"metricName":"sys.gpu.0.power_usage","metricValue":27409,"step":null}},"type":"metric_msg"}
{"payload":{"local_timestamp":1685808585253,"metric":{"epoch":null,"metricName":"sys.gpu.0.temperature","metricValue":47,"step":null}},"type":"metric_msg"}
{"payload":{"local_timestamp":1685808585253,"metric":{"epoch":null,"metricName":"sys.gpu.0.used_memory","metricValue":2556944384,"step":null}},"type":"metric_msg"}
{"payload":{"local_timestamp":1685808588139,"metric":{"epoch":null,"metricName":"sys.cpu.percent.avg","metricValue":99.88333333333333,"step":null}},"type":"metric_msg"}
{"payload":{"local_timestamp":1685808588139,"metric":{"epoch":null,"metricName":"sys.compute.overall","metricValue":99.9,"step":null}},"type":"metric_msg"}
{"payload":{"local_timestamp":1685808588139,"metric":{"epoch":null,"metricName":"sys.compute.utilized","metricValue":0.0,"step":null}},"type":"metric_msg"}
{"payload":{"local_timestamp":1685808588139,"metric":{"epoch":null,"metricName":"sys.load.avg","metricValue":19.99,"step":null}},"type":"metric_msg"}
{"payload":{"local_timestamp":1685808588139,"metric":{"epoch":null,"metricName":"sys.ram.total","metricValue":17106575360,"step":null}},"type":"metric_msg"}
{"payload":{"local_timestamp":1685808588139,"metric":{"epoch":null,"metricName":"sys.ram.used","metricValue":13943480320,"step":null}},"type":"metric_msg"}
{"payload":{"local_timestamp":1685808645649,"metric":{"epoch":null,"metricName":"sys.gpu.0.free_memory","metricValue":1816633344,"step":null}},"type":"metric_msg"}
{"payload":{"local_timestamp":1685808645649,"metric":{"epoch":null,"metricName":"sys.gpu.0.gpu_utilization","metricValue":30,"step":null}},"type":"metric_msg"}
{"payload":{"local_timestamp":1685808645649,"metric":{"epoch":null,"metricName":"sys.gpu.0.power_usage","metricValue":26464,"step":null}},"type":"metric_msg"}
{"payload":{"local_timestamp":1685808645650,"metric":{"epoch":null,"metricName":"sys.gpu.0.temperature","metricValue":47,"step":null}},"type":"metric_msg"}
{"payload":{"local_timestamp":1685808645650,"metric":{"epoch":null,"metricName":"sys.gpu.0.used_memory","metricValue":2478333952,"step":null}},"type":"metric_msg"}
{"payload":{"local_timestamp":1685808648741,"metric":{"epoch":null,"metricName":"sys.cpu.percent.avg","metricValue":100.0,"step":null}},"type":"metric_msg"}
{"payload":{"local_timestamp":1685808648741,"metric":{"epoch":null,"metricName":"sys.compute.overall","metricValue":100.0,"step":null}},"type":"metric_msg"}
{"payload":{"local_timestamp":1685808648741,"metric":{"epoch":null,"metricName":"sys.compute.utilized","metricValue":0.0,"step":null}},"type":"metric_msg"}
{"payload":{"local_timestamp":1685808648741,"metric":{"epoch":null,"metricName":"sys.load.avg","metricValue":20.02,"step":null}},"type":"metric_msg"}
{"payload":{"local_timestamp":1685808648741,"metric":{"epoch":null,"metricName":"sys.ram.total","metricValue":17106575360,"step":null}},"type":"metric_msg"}
{"payload":{"local_timestamp":1685808648741,"metric":{"epoch":null,"metricName":"sys.ram.used","metricValue":15488811008,"step":null}},"type":"metric_msg"}
{"payload":{"local_timestamp":1685808705963,"metric":{"epoch":null,"metricName":"sys.gpu.0.free_memory","metricValue":1895481344,"step":null}},"type":"metric_msg"}
{"payload":{"local_timestamp":1685808705963,"metric":{"epoch":null,"metricName":"sys.gpu.0.gpu_utilization","metricValue":33,"step":null}},"type":"metric_msg"}
{"payload":{"local_timestamp":1685808705963,"metric":{"epoch":null,"metricName":"sys.gpu.0.power_usage","metricValue":27272,"step":null}},"type":"metric_msg"}
{"payload":{"local_timestamp":1685808705963,"metric":{"epoch":null,"metricName":"sys.gpu.0.temperature","metricValue":47,"step":null}},"type":"metric_msg"}
{"payload":{"local_timestamp":1685808705963,"metric":{"epoch":null,"metricName":"sys.gpu.0.used_memory","metricValue":2399485952,"step":null}},"type":"metric_msg"}
{"payload":{"local_timestamp":1685808709273,"metric":{"epoch":null,"metricName":"sys.cpu.percent.avg","metricValue":99.7,"step":null}},"type":"metric_msg"}
{"payload":{"local_timestamp":1685808709273,"metric":{"epoch":null,"metricName":"sys.compute.overall","metricValue":99.7,"step":null}},"type":"metric_msg"}
{"payload":{"local_timestamp":1685808709273,"metric":{"epoch":null,"metricName":"sys.compute.utilized","metricValue":0.0,"step":null}},"type":"metric_msg"}
{"payload":{"local_timestamp":1685808709273,"metric":{"epoch":null,"metricName":"sys.load.avg","metricValue":21.08,"step":null}},"type":"metric_msg"}
{"payload":{"local_timestamp":1685808709273,"metric":{"epoch":null,"metricName":"sys.ram.total","metricValue":17106575360,"step":null}},"type":"metric_msg"}
{"payload":{"local_timestamp":1685808709273,"metric":{"epoch":null,"metricName":"sys.ram.used","metricValue":12708761600,"step":null}},"type":"metric_msg"}
{"payload":{"local_timestamp":1685808734309,"output":"\u001b[1;38;5;39mCOMET INFO:\u001b[0m ---------------------------------------------------------------------------------------\n","stderr":true},"type":"standard_output"}
{"payload":{"local_timestamp":1685808734316,"output":"\u001b[1;38;5;39mCOMET INFO:\u001b[0m Comet.ml Experiment Summary\n","stderr":true},"type":"standard_output"}
{"payload":{"local_timestamp":1685808734317,"output":"\u001b[1;38;5;39mCOMET INFO:\u001b[0m ---------------------------------------------------------------------------------------\n","stderr":true},"type":"standard_output"}
{"payload":{"local_timestamp":1685808734326,"output":"\u001b[1;38;5;39mCOMET INFO:\u001b[0m   Data:\n","stderr":true},"type":"standard_output"}
{"payload":{"local_timestamp":1685808734329,"output":"\u001b[1;38;5;39mCOMET INFO:\u001b[0m     display_summary_level : 1\n","stderr":true},"type":"standard_output"}
{"payload":{"local_timestamp":1685808734332,"output":"\u001b[1;38;5;39mCOMET INFO:\u001b[0m     url                   : \u001b[38;5;39mhttps://www.comet.com/eskortz/general/75fda72debea48a4a63c637cee09d608\u001b[0m\n","stderr":true},"type":"standard_output"}
{"payload":{"local_timestamp":1685808734332,"output":"\u001b[1;38;5;39mCOMET INFO:\u001b[0m   Uploads:\n","stderr":true},"type":"standard_output"}
{"payload":{"local_timestamp":1685808734333,"output":"\u001b[1;38;5;39mCOMET INFO:\u001b[0m     environment details      : 1\n","stderr":true},"type":"standard_output"}
{"payload":{"local_timestamp":1685808734336,"output":"\u001b[1;38;5;39mCOMET INFO:\u001b[0m     filename                 : 1\n","stderr":true},"type":"standard_output"}
{"payload":{"local_timestamp":1685808734339,"output":"\u001b[1;38;5;39mCOMET INFO:\u001b[0m     git metadata             : 1\n","stderr":true},"type":"standard_output"}
{"payload":{"local_timestamp":1685808734344,"output":"\u001b[1;38;5;39mCOMET INFO:\u001b[0m     git-patch (uncompressed) : 1 (6.14 KB)\n","stderr":true},"type":"standard_output"}
{"payload":{"local_timestamp":1685808734347,"output":"\u001b[1;38;5;39mCOMET INFO:\u001b[0m     installed packages       : 1\n","stderr":true},"type":"standard_output"}
{"payload":{"local_timestamp":1685808734349,"output":"\u001b[1;38;5;39mCOMET INFO:\u001b[0m     source_code              : 2 (67.62 KB)\n","stderr":true},"type":"standard_output"}
{"payload":{"local_timestamp":1685808734349,"output":"\u001b[1;38;5;39mCOMET INFO:\u001b[0m \n","stderr":true},"type":"standard_output"}
