{"payload":{"file_name":"C:\\Users\\user\\Desktop\\yolov5\\train.py"},"type":"file_name"}
{"payload":{"additional_params":{"assetId":"cc43e22369754fbbac3bc479b7eb92e3","context":null,"extension":"py","fileName":"C:\\Users\\user\\Desktop\\yolov5\\train.py","overwrite":false,"runId":"VwDKCtPGoDkAKpMIlRx7k512E","step":null,"type":"source_code"},"clean":true,"file_path":"tmpe8z4qpkh","local_timestamp":1685808199365,"metadata":{"source_code_type":"experiment_creation"},"upload_type":"source_code"},"type":"file_upload"}
{"payload":{"additional_params":{"assetId":"de568335a88e4d0aa6ec6833b32a0354","context":null,"extension":"py","fileName":"C:\\Users\\user\\Desktop\\yolov5\\train.py","overwrite":false,"runId":"VwDKCtPGoDkAKpMIlRx7k512E","step":null,"type":"source_code"},"clean":true,"file_path":"tmpf648rsoh","local_timestamp":1685808199368,"metadata":{"source_code_type":"python_script_name"},"upload_type":"source_code"},"type":"file_upload"}
{"payload":{"installed_packages":["attrs==23.1.0","certifi==2022.9.24","charset-normalizer==2.1.1","colorama==0.4.6","comet-ml==3.33.3","configobj==5.0.8","contourpy==1.0.7","cycler==0.11.0","dulwich==0.21.5","everett==3.1.0","filelock==3.12.0","fonttools==4.39.4","gitdb==4.0.10","gitpython==3.1.31","idna==3.4","jinja2==3.1.2","jsonschema==4.17.3","kiwisolver==1.4.4","markdown-it-py==2.2.0","markupsafe==2.1.3","matplotlib==3.7.1","mdurl==0.1.2","mpmath==1.3.0","mysql-connector-python==8.0.32","networkx==3.1","numpy==1.23.5","opencv-python==4.7.0.72","packaging==23.1","pandas==1.5.2","pillow==9.5.0","pip==23.1.2","psutil==5.9.5","pycoingecko==3.1.0","pygments==2.15.1","pyparsing==3.0.9","pyrsistent==0.19.3","python-box==6.1.0","python-dateutil==2.8.2","pytz==2022.6","pyyaml==6.0","requests-toolbelt==1.0.0","requests==2.28.1","rich==13.4.1","scipy==1.10.1","seaborn==0.12.2","semantic-version==2.10.0","sentry-sdk==1.25.0","setuptools==67.8.0","simplejson==3.19.1","six==1.16.0","smmap==5.0.0","sympy==1.12","thop==0.1.1.post2209072238","torch==2.0.1","torchvision==0.15.2","tqdm==4.65.0","typing-extensions==4.6.3","ultralytics==8.0.112","urllib3==1.26.13","websocket-client==1.3.3","wrapt==1.15.0","wurlitzer==3.0.3"]},"type":"installed_packages"}
{"payload":{"command":["C:\\Users\\user\\Desktop\\yolov5\\train.py","--img","640","--epochs","3","--data","coco128.yaml","--bbox_interval","1","--weights","yolov5s.pt"],"env":null,"hostname":"WIN-3H6PK9E5G9N","ip":"172.31.1.203","machine":"AMD64","os":"Windows-10-10.0.19044-SP0","os_release":"10","os_type":"Windows","pid":18640,"processor":"AMD64 Family 23 Model 113 Stepping 0, AuthenticAMD","python_exe":"C:\\Users\\user\\AppData\\Local\\Programs\\Python\\Python311\\python.exe","python_version":"3.11.0","python_version_verbose":"3.11.0 (main, Oct 24 2022, 18:26:48) [MSC v.1933 64 bit (AMD64)]","user":"user"},"type":"system_details"}
{"payload":{"gpu_static_info":[{"gpu_index":0,"name":"NVIDIA GeForce GTX 1650 SUPER","power_limit":100000,"total_memory":4294967296,"uuid":"GPU-4030928e-2422-47fe-2372-9cdf43506c71"}]},"type":"gpu_static_info"}
{"payload":{"local_timestamp":1685808199425,"metric":{"epoch":null,"metricName":"sys.gpu.0.total_memory","metricValue":4294967296,"step":null}},"type":"metric_msg"}
{"payload":{"local_timestamp":1685808199440,"param":{"paramName":"img","paramValue":640,"source":"cli","step":null}},"type":"parameter_msg"}
{"payload":{"local_timestamp":1685808199440,"param":{"paramName":"epochs","paramValue":3,"source":"cli","step":null}},"type":"parameter_msg"}
{"payload":{"local_timestamp":1685808199440,"param":{"paramName":"data","paramValue":"coco128.yaml","source":"cli","step":null}},"type":"parameter_msg"}
{"payload":{"local_timestamp":1685808199440,"param":{"paramName":"bbox_interval","paramValue":1,"source":"cli","step":null}},"type":"parameter_msg"}
{"payload":{"local_timestamp":1685808199440,"param":{"paramName":"weights","paramValue":"yolov5s.pt","source":"cli","step":null}},"type":"parameter_msg"}
{"payload":{"local_timestamp":1685808199446,"metric":{"epoch":null,"metricName":"sys.gpu.0.free_memory","metricValue":1920626688,"step":null}},"type":"metric_msg"}
{"payload":{"local_timestamp":1685808199446,"metric":{"epoch":null,"metricName":"sys.gpu.0.gpu_utilization","metricValue":33,"step":null}},"type":"metric_msg"}
{"payload":{"local_timestamp":1685808199446,"metric":{"epoch":null,"metricName":"sys.gpu.0.power_usage","metricValue":26862,"step":null}},"type":"metric_msg"}
{"payload":{"local_timestamp":1685808199446,"metric":{"epoch":null,"metricName":"sys.gpu.0.temperature","metricValue":47,"step":null}},"type":"metric_msg"}
{"payload":{"local_timestamp":1685808199446,"metric":{"epoch":null,"metricName":"sys.gpu.0.used_memory","metricValue":2374340608,"step":null}},"type":"metric_msg"}
{"payload":{"local_timestamp":1685808199722,"output":"\u001b[1;38;5;39mCOMET INFO:\u001b[0m Experiment is live on comet.com \u001b[38;5;39mhttps://www.comet.com/eskortz/general/121abb18c128469fadb0771da32fc474\u001b[0m\n\n","stderr":true},"type":"standard_output"}
{"payload":{"local_timestamp":1685808199977,"metric":{"epoch":null,"metricName":"sys.cpu.percent.avg","metricValue":61.6,"step":null}},"type":"metric_msg"}
{"payload":{"local_timestamp":1685808199977,"metric":{"epoch":null,"metricName":"sys.compute.overall","metricValue":61.6,"step":null}},"type":"metric_msg"}
{"payload":{"local_timestamp":1685808199977,"metric":{"epoch":null,"metricName":"sys.compute.utilized","metricValue":100.0,"step":null}},"type":"metric_msg"}
{"payload":{"local_timestamp":1685808199977,"metric":{"epoch":null,"metricName":"sys.load.avg","metricValue":0.0,"step":null}},"type":"metric_msg"}
{"payload":{"local_timestamp":1685808199977,"metric":{"epoch":null,"metricName":"sys.ram.total","metricValue":17106575360,"step":null}},"type":"metric_msg"}
{"payload":{"local_timestamp":1685808199977,"metric":{"epoch":null,"metricName":"sys.ram.used","metricValue":11648397312,"step":null}},"type":"metric_msg"}
{"payload":{"git_metadata":{"branch":"refs/heads/master","origin":"https://github.com/ultralytics/yolov5","parent":"5f11555e0796f9471185a16dc79860c236f656f8","repo_name":"yolov5","root":"1e84a23f38fad9e52b59101e9f1246d93066ed1e","status":null,"user":"eskortz"}},"type":"git_metadata"}
{"payload":{"additional_params":null,"clean":true,"file_path":"tmpf_3qb2y3..zip","local_timestamp":1685808200261,"metadata":{},"upload_type":"git-patch"},"type":"file_upload"}
{"payload":{"local_timestamp":1685808259854,"metric":{"epoch":null,"metricName":"sys.gpu.0.free_memory","metricValue":2122723328,"step":null}},"type":"metric_msg"}
{"payload":{"local_timestamp":1685808259854,"metric":{"epoch":null,"metricName":"sys.gpu.0.gpu_utilization","metricValue":31,"step":null}},"type":"metric_msg"}
{"payload":{"local_timestamp":1685808259854,"metric":{"epoch":null,"metricName":"sys.gpu.0.power_usage","metricValue":25886,"step":null}},"type":"metric_msg"}
{"payload":{"local_timestamp":1685808259854,"metric":{"epoch":null,"metricName":"sys.gpu.0.temperature","metricValue":46,"step":null}},"type":"metric_msg"}
{"payload":{"local_timestamp":1685808259854,"metric":{"epoch":null,"metricName":"sys.gpu.0.used_memory","metricValue":2172243968,"step":null}},"type":"metric_msg"}
{"payload":{"local_timestamp":1685808260746,"metric":{"epoch":null,"metricName":"sys.cpu.percent.avg","metricValue":95.91666666666667,"step":null}},"type":"metric_msg"}
{"payload":{"local_timestamp":1685808260747,"metric":{"epoch":null,"metricName":"sys.compute.overall","metricValue":95.9,"step":null}},"type":"metric_msg"}
{"payload":{"local_timestamp":1685808260747,"metric":{"epoch":null,"metricName":"sys.compute.utilized","metricValue":0.0,"step":null}},"type":"metric_msg"}
{"payload":{"local_timestamp":1685808260747,"metric":{"epoch":null,"metricName":"sys.load.avg","metricValue":15.99,"step":null}},"type":"metric_msg"}
{"payload":{"local_timestamp":1685808260747,"metric":{"epoch":null,"metricName":"sys.ram.total","metricValue":17106575360,"step":null}},"type":"metric_msg"}
{"payload":{"local_timestamp":1685808260747,"metric":{"epoch":null,"metricName":"sys.ram.used","metricValue":11989553152,"step":null}},"type":"metric_msg"}
{"payload":{"local_timestamp":1685808320318,"metric":{"epoch":null,"metricName":"sys.gpu.0.free_memory","metricValue":2091352064,"step":null}},"type":"metric_msg"}
{"payload":{"local_timestamp":1685808320318,"metric":{"epoch":null,"metricName":"sys.gpu.0.gpu_utilization","metricValue":35,"step":null}},"type":"metric_msg"}
{"payload":{"local_timestamp":1685808320318,"metric":{"epoch":null,"metricName":"sys.gpu.0.power_usage","metricValue":27007,"step":null}},"type":"metric_msg"}
{"payload":{"local_timestamp":1685808320318,"metric":{"epoch":null,"metricName":"sys.gpu.0.temperature","metricValue":47,"step":null}},"type":"metric_msg"}
{"payload":{"local_timestamp":1685808320318,"metric":{"epoch":null,"metricName":"sys.gpu.0.used_memory","metricValue":2203615232,"step":null}},"type":"metric_msg"}
{"payload":{"local_timestamp":1685808321451,"metric":{"epoch":null,"metricName":"sys.cpu.percent.avg","metricValue":100.0,"step":null}},"type":"metric_msg"}
{"payload":{"local_timestamp":1685808321451,"metric":{"epoch":null,"metricName":"sys.compute.overall","metricValue":100.0,"step":null}},"type":"metric_msg"}
{"payload":{"local_timestamp":1685808321451,"metric":{"epoch":null,"metricName":"sys.compute.utilized","metricValue":0.0,"step":null}},"type":"metric_msg"}
{"payload":{"local_timestamp":1685808321451,"metric":{"epoch":null,"metricName":"sys.load.avg","metricValue":16.29,"step":null}},"type":"metric_msg"}
{"payload":{"local_timestamp":1685808321451,"metric":{"epoch":null,"metricName":"sys.ram.total","metricValue":17106575360,"step":null}},"type":"metric_msg"}
{"payload":{"local_timestamp":1685808321451,"metric":{"epoch":null,"metricName":"sys.ram.used","metricValue":12863889408,"step":null}},"type":"metric_msg"}
{"payload":{"local_timestamp":1685808380823,"metric":{"epoch":null,"metricName":"sys.gpu.0.free_memory","metricValue":2157289472,"step":null}},"type":"metric_msg"}
{"payload":{"local_timestamp":1685808380823,"metric":{"epoch":null,"metricName":"sys.gpu.0.gpu_utilization","metricValue":37,"step":null}},"type":"metric_msg"}
{"payload":{"local_timestamp":1685808380823,"metric":{"epoch":null,"metricName":"sys.gpu.0.power_usage","metricValue":26643,"step":null}},"type":"metric_msg"}
{"payload":{"local_timestamp":1685808380823,"metric":{"epoch":null,"metricName":"sys.gpu.0.temperature","metricValue":47,"step":null}},"type":"metric_msg"}
{"payload":{"local_timestamp":1685808380823,"metric":{"epoch":null,"metricName":"sys.gpu.0.used_memory","metricValue":2137677824,"step":null}},"type":"metric_msg"}
{"payload":{"local_timestamp":1685808382132,"metric":{"epoch":null,"metricName":"sys.cpu.percent.avg","metricValue":97.23333333333333,"step":null}},"type":"metric_msg"}
{"payload":{"local_timestamp":1685808382132,"metric":{"epoch":null,"metricName":"sys.compute.overall","metricValue":97.2,"step":null}},"type":"metric_msg"}
{"payload":{"local_timestamp":1685808382132,"metric":{"epoch":null,"metricName":"sys.compute.utilized","metricValue":0.0,"step":null}},"type":"metric_msg"}
{"payload":{"local_timestamp":1685808382132,"metric":{"epoch":null,"metricName":"sys.load.avg","metricValue":14.97,"step":null}},"type":"metric_msg"}
{"payload":{"local_timestamp":1685808382132,"metric":{"epoch":null,"metricName":"sys.ram.total","metricValue":17106575360,"step":null}},"type":"metric_msg"}
{"payload":{"local_timestamp":1685808382132,"metric":{"epoch":null,"metricName":"sys.ram.used","metricValue":12028121088,"step":null}},"type":"metric_msg"}
{"payload":{"local_timestamp":1685808416361,"output":"\u001b[1;38;5;196mCOMET ERROR:\u001b[0m Heartbeat processing error\n","stderr":true},"type":"standard_output"}
{"payload":{"local_timestamp":1685808441229,"metric":{"epoch":null,"metricName":"sys.gpu.0.free_memory","metricValue":1884782592,"step":null}},"type":"metric_msg"}
{"payload":{"local_timestamp":1685808441229,"metric":{"epoch":null,"metricName":"sys.gpu.0.gpu_utilization","metricValue":38,"step":null}},"type":"metric_msg"}
{"payload":{"local_timestamp":1685808441229,"metric":{"epoch":null,"metricName":"sys.gpu.0.power_usage","metricValue":26288,"step":null}},"type":"metric_msg"}
{"payload":{"local_timestamp":1685808441229,"metric":{"epoch":null,"metricName":"sys.gpu.0.temperature","metricValue":47,"step":null}},"type":"metric_msg"}
{"payload":{"local_timestamp":1685808441229,"metric":{"epoch":null,"metricName":"sys.gpu.0.used_memory","metricValue":2410184704,"step":null}},"type":"metric_msg"}
{"payload":{"local_timestamp":1685808442763,"metric":{"epoch":null,"metricName":"sys.cpu.percent.avg","metricValue":99.33333333333333,"step":null}},"type":"metric_msg"}
{"payload":{"local_timestamp":1685808442763,"metric":{"epoch":null,"metricName":"sys.compute.overall","metricValue":99.3,"step":null}},"type":"metric_msg"}
{"payload":{"local_timestamp":1685808442763,"metric":{"epoch":null,"metricName":"sys.compute.utilized","metricValue":0.0,"step":null}},"type":"metric_msg"}
{"payload":{"local_timestamp":1685808442763,"metric":{"epoch":null,"metricName":"sys.load.avg","metricValue":18.21,"step":null}},"type":"metric_msg"}
{"payload":{"local_timestamp":1685808442763,"metric":{"epoch":null,"metricName":"sys.ram.total","metricValue":17106575360,"step":null}},"type":"metric_msg"}
{"payload":{"local_timestamp":1685808442763,"metric":{"epoch":null,"metricName":"sys.ram.used","metricValue":13904388096,"step":null}},"type":"metric_msg"}
{"payload":{"local_timestamp":1685808501639,"metric":{"epoch":null,"metricName":"sys.gpu.0.free_memory","metricValue":1682276352,"step":null}},"type":"metric_msg"}
{"payload":{"local_timestamp":1685808501639,"metric":{"epoch":null,"metricName":"sys.gpu.0.gpu_utilization","metricValue":33,"step":null}},"type":"metric_msg"}
{"payload":{"local_timestamp":1685808501639,"metric":{"epoch":null,"metricName":"sys.gpu.0.power_usage","metricValue":27043,"step":null}},"type":"metric_msg"}
{"payload":{"local_timestamp":1685808501639,"metric":{"epoch":null,"metricName":"sys.gpu.0.temperature","metricValue":47,"step":null}},"type":"metric_msg"}
{"payload":{"local_timestamp":1685808501639,"metric":{"epoch":null,"metricName":"sys.gpu.0.used_memory","metricValue":2612690944,"step":null}},"type":"metric_msg"}
{"payload":{"local_timestamp":1685808503517,"metric":{"epoch":null,"metricName":"sys.cpu.percent.avg","metricValue":100.0,"step":null}},"type":"metric_msg"}
{"payload":{"local_timestamp":1685808503517,"metric":{"epoch":null,"metricName":"sys.compute.overall","metricValue":100.0,"step":null}},"type":"metric_msg"}
{"payload":{"local_timestamp":1685808503517,"metric":{"epoch":null,"metricName":"sys.compute.utilized","metricValue":0.0,"step":null}},"type":"metric_msg"}
{"payload":{"local_timestamp":1685808503517,"metric":{"epoch":null,"metricName":"sys.load.avg","metricValue":16.57,"step":null}},"type":"metric_msg"}
{"payload":{"local_timestamp":1685808503517,"metric":{"epoch":null,"metricName":"sys.ram.total","metricValue":17106575360,"step":null}},"type":"metric_msg"}
{"payload":{"local_timestamp":1685808503517,"metric":{"epoch":null,"metricName":"sys.ram.used","metricValue":13462437888,"step":null}},"type":"metric_msg"}
{"payload":{"local_timestamp":1685808561924,"metric":{"epoch":null,"metricName":"sys.gpu.0.free_memory","metricValue":1737826304,"step":null}},"type":"metric_msg"}
{"payload":{"local_timestamp":1685808561924,"metric":{"epoch":null,"metricName":"sys.gpu.0.gpu_utilization","metricValue":33,"step":null}},"type":"metric_msg"}
{"payload":{"local_timestamp":1685808561924,"metric":{"epoch":null,"metricName":"sys.gpu.0.power_usage","metricValue":27309,"step":null}},"type":"metric_msg"}
{"payload":{"local_timestamp":1685808561924,"metric":{"epoch":null,"metricName":"sys.gpu.0.temperature","metricValue":47,"step":null}},"type":"metric_msg"}
{"payload":{"local_timestamp":1685808561924,"metric":{"epoch":null,"metricName":"sys.gpu.0.used_memory","metricValue":2557140992,"step":null}},"type":"metric_msg"}
{"payload":{"local_timestamp":1685808564247,"metric":{"epoch":null,"metricName":"sys.cpu.percent.avg","metricValue":99.3,"step":null}},"type":"metric_msg"}
{"payload":{"local_timestamp":1685808564247,"metric":{"epoch":null,"metricName":"sys.compute.overall","metricValue":99.3,"step":null}},"type":"metric_msg"}
{"payload":{"local_timestamp":1685808564247,"metric":{"epoch":null,"metricName":"sys.compute.utilized","metricValue":0.0,"step":null}},"type":"metric_msg"}
{"payload":{"local_timestamp":1685808564247,"metric":{"epoch":null,"metricName":"sys.load.avg","metricValue":12.03,"step":null}},"type":"metric_msg"}
{"payload":{"local_timestamp":1685808564247,"metric":{"epoch":null,"metricName":"sys.ram.total","metricValue":17106575360,"step":null}},"type":"metric_msg"}
{"payload":{"local_timestamp":1685808564247,"metric":{"epoch":null,"metricName":"sys.ram.used","metricValue":16000942080,"step":null}},"type":"metric_msg"}
{"payload":{"local_timestamp":1685808622282,"metric":{"epoch":null,"metricName":"sys.gpu.0.free_memory","metricValue":1820827648,"step":null}},"type":"metric_msg"}
{"payload":{"local_timestamp":1685808622282,"metric":{"epoch":null,"metricName":"sys.gpu.0.gpu_utilization","metricValue":32,"step":null}},"type":"metric_msg"}
{"payload":{"local_timestamp":1685808622282,"metric":{"epoch":null,"metricName":"sys.gpu.0.power_usage","metricValue":27295,"step":null}},"type":"metric_msg"}
{"payload":{"local_timestamp":1685808622282,"metric":{"epoch":null,"metricName":"sys.gpu.0.temperature","metricValue":47,"step":null}},"type":"metric_msg"}
{"payload":{"local_timestamp":1685808622282,"metric":{"epoch":null,"metricName":"sys.gpu.0.used_memory","metricValue":2474139648,"step":null}},"type":"metric_msg"}
{"payload":{"local_timestamp":1685808624900,"metric":{"epoch":null,"metricName":"sys.cpu.percent.avg","metricValue":100.0,"step":null}},"type":"metric_msg"}
{"payload":{"local_timestamp":1685808624901,"metric":{"epoch":null,"metricName":"sys.compute.overall","metricValue":100.0,"step":null}},"type":"metric_msg"}
{"payload":{"local_timestamp":1685808624901,"metric":{"epoch":null,"metricName":"sys.compute.utilized","metricValue":0.0,"step":null}},"type":"metric_msg"}
{"payload":{"local_timestamp":1685808624901,"metric":{"epoch":null,"metricName":"sys.load.avg","metricValue":10.22,"step":null}},"type":"metric_msg"}
{"payload":{"local_timestamp":1685808624901,"metric":{"epoch":null,"metricName":"sys.ram.total","metricValue":17106575360,"step":null}},"type":"metric_msg"}
{"payload":{"local_timestamp":1685808624901,"metric":{"epoch":null,"metricName":"sys.ram.used","metricValue":13335339008,"step":null}},"type":"metric_msg"}
{"payload":{"local_timestamp":1685808682774,"metric":{"epoch":null,"metricName":"sys.gpu.0.free_memory","metricValue":1746747392,"step":null}},"type":"metric_msg"}
{"payload":{"local_timestamp":1685808682774,"metric":{"epoch":null,"metricName":"sys.gpu.0.gpu_utilization","metricValue":21,"step":null}},"type":"metric_msg"}
{"payload":{"local_timestamp":1685808682779,"metric":{"epoch":null,"metricName":"sys.gpu.0.power_usage","metricValue":25477,"step":null}},"type":"metric_msg"}
{"payload":{"local_timestamp":1685808682779,"metric":{"epoch":null,"metricName":"sys.gpu.0.temperature","metricValue":47,"step":null}},"type":"metric_msg"}
{"payload":{"local_timestamp":1685808682779,"metric":{"epoch":null,"metricName":"sys.gpu.0.used_memory","metricValue":2548219904,"step":null}},"type":"metric_msg"}
{"payload":{"local_timestamp":1685808685662,"metric":{"epoch":null,"metricName":"sys.cpu.percent.avg","metricValue":99.96666666666665,"step":null}},"type":"metric_msg"}
{"payload":{"local_timestamp":1685808685662,"metric":{"epoch":null,"metricName":"sys.compute.overall","metricValue":100.0,"step":null}},"type":"metric_msg"}
{"payload":{"local_timestamp":1685808685662,"metric":{"epoch":null,"metricName":"sys.compute.utilized","metricValue":0.0,"step":null}},"type":"metric_msg"}
{"payload":{"local_timestamp":1685808685662,"metric":{"epoch":null,"metricName":"sys.load.avg","metricValue":10.41,"step":null}},"type":"metric_msg"}
{"payload":{"local_timestamp":1685808685662,"metric":{"epoch":null,"metricName":"sys.ram.total","metricValue":17106575360,"step":null}},"type":"metric_msg"}
{"payload":{"local_timestamp":1685808685662,"metric":{"epoch":null,"metricName":"sys.ram.used","metricValue":12572082176,"step":null}},"type":"metric_msg"}
{"payload":{"local_timestamp":1685808734309,"output":"\u001b[1;38;5;39mCOMET INFO:\u001b[0m ---------------------------------------------------------------------------------------\n","stderr":true},"type":"standard_output"}
{"payload":{"local_timestamp":1685808734311,"output":"\u001b[1;38;5;39mCOMET INFO:\u001b[0m Comet.ml Experiment Summary\n","stderr":true},"type":"standard_output"}
{"payload":{"local_timestamp":1685808734311,"output":"\u001b[1;38;5;39mCOMET INFO:\u001b[0m ---------------------------------------------------------------------------------------\n","stderr":true},"type":"standard_output"}
{"payload":{"local_timestamp":1685808734311,"output":"\u001b[1;38;5;39mCOMET INFO:\u001b[0m   Data:\n","stderr":true},"type":"standard_output"}
{"payload":{"local_timestamp":1685808734312,"output":"\u001b[1;38;5;39mCOMET INFO:\u001b[0m     display_summary_level : 1\n","stderr":true},"type":"standard_output"}
{"payload":{"local_timestamp":1685808734318,"output":"\u001b[1;38;5;39mCOMET INFO:\u001b[0m     url                   : \u001b[38;5;39mhttps://www.comet.com/eskortz/general/121abb18c128469fadb0771da32fc474\u001b[0m\n","stderr":true},"type":"standard_output"}
{"payload":{"local_timestamp":1685808734327,"output":"\u001b[1;38;5;39mCOMET INFO:\u001b[0m   Uploads:\n","stderr":true},"type":"standard_output"}
{"payload":{"local_timestamp":1685808734328,"output":"\u001b[1;38;5;39mCOMET INFO:\u001b[0m     environment details      : 1\n","stderr":true},"type":"standard_output"}
{"payload":{"local_timestamp":1685808734330,"output":"\u001b[1;38;5;39mCOMET INFO:\u001b[0m     filename                 : 1\n","stderr":true},"type":"standard_output"}
{"payload":{"local_timestamp":1685808734333,"output":"\u001b[1;38;5;39mCOMET INFO:\u001b[0m     git metadata             : 1\n","stderr":true},"type":"standard_output"}
{"payload":{"local_timestamp":1685808734337,"output":"\u001b[1;38;5;39mCOMET INFO:\u001b[0m     git-patch (uncompressed) : 1 (6.14 KB)\n","stderr":true},"type":"standard_output"}
{"payload":{"local_timestamp":1685808734337,"output":"\u001b[1;38;5;39mCOMET INFO:\u001b[0m     installed packages       : 1\n","stderr":true},"type":"standard_output"}
{"payload":{"local_timestamp":1685808734342,"output":"\u001b[1;38;5;39mCOMET INFO:\u001b[0m     source_code              : 2 (67.62 KB)\n","stderr":true},"type":"standard_output"}
{"payload":{"local_timestamp":1685808734345,"output":"\u001b[1;38;5;39mCOMET INFO:\u001b[0m \n","stderr":true},"type":"standard_output"}
