{"payload":{"file_name":"C:\\Users\\user\\Desktop\\yolov5\\train.py"},"type":"file_name"}
{"payload":{"additional_params":{"assetId":"46d7e62b0ce24ac1b33b1a83bd0c4726","context":null,"extension":"py","fileName":"C:\\Users\\user\\Desktop\\yolov5\\train.py","overwrite":false,"runId":"Sj6glC9Abnpf9OcazYPxIhAnW","step":null,"type":"source_code"},"clean":true,"file_path":"tmpd294r70f","local_timestamp":1685808135578,"metadata":{"source_code_type":"experiment_creation"},"upload_type":"source_code"},"type":"file_upload"}
{"payload":{"additional_params":{"assetId":"39410bfc44644ff2aebe9ec2ec9d2081","context":null,"extension":"py","fileName":"C:\\Users\\user\\Desktop\\yolov5\\train.py","overwrite":false,"runId":"Sj6glC9Abnpf9OcazYPxIhAnW","step":null,"type":"source_code"},"clean":true,"file_path":"tmpsp55_p21","local_timestamp":1685808135581,"metadata":{"source_code_type":"python_script_name"},"upload_type":"source_code"},"type":"file_upload"}
{"payload":{"installed_packages":["attrs==23.1.0","certifi==2022.9.24","charset-normalizer==2.1.1","colorama==0.4.6","comet-ml==3.33.3","configobj==5.0.8","contourpy==1.0.7","cycler==0.11.0","dulwich==0.21.5","everett==3.1.0","filelock==3.12.0","fonttools==4.39.4","gitdb==4.0.10","gitpython==3.1.31","idna==3.4","jinja2==3.1.2","jsonschema==4.17.3","kiwisolver==1.4.4","markdown-it-py==2.2.0","markupsafe==2.1.3","matplotlib==3.7.1","mdurl==0.1.2","mpmath==1.3.0","mysql-connector-python==8.0.32","networkx==3.1","numpy==1.23.5","opencv-python==4.7.0.72","packaging==23.1","pandas==1.5.2","pillow==9.5.0","pip==23.1.2","psutil==5.9.5","pycoingecko==3.1.0","pygments==2.15.1","pyparsing==3.0.9","pyrsistent==0.19.3","python-box==6.1.0","python-dateutil==2.8.2","pytz==2022.6","pyyaml==6.0","requests-toolbelt==1.0.0","requests==2.28.1","rich==13.4.1","scipy==1.10.1","seaborn==0.12.2","semantic-version==2.10.0","sentry-sdk==1.25.0","setuptools==67.8.0","simplejson==3.19.1","six==1.16.0","smmap==5.0.0","sympy==1.12","thop==0.1.1.post2209072238","torch==2.0.1","torchvision==0.15.2","tqdm==4.65.0","typing-extensions==4.6.3","ultralytics==8.0.112","urllib3==1.26.13","websocket-client==1.3.3","wrapt==1.15.0","wurlitzer==3.0.3"]},"type":"installed_packages"}
{"payload":{"command":["C:\\Users\\user\\Desktop\\yolov5\\train.py","--img","640","--epochs","3","--data","coco128.yaml","--bbox_interval","1","--weights","yolov5s.pt"],"env":null,"hostname":"WIN-3H6PK9E5G9N","ip":"172.31.1.203","machine":"AMD64","os":"Windows-10-10.0.19044-SP0","os_release":"10","os_type":"Windows","pid":7560,"processor":"AMD64 Family 23 Model 113 Stepping 0, AuthenticAMD","python_exe":"C:\\Users\\user\\AppData\\Local\\Programs\\Python\\Python311\\python.exe","python_version":"3.11.0","python_version_verbose":"3.11.0 (main, Oct 24 2022, 18:26:48) [MSC v.1933 64 bit (AMD64)]","user":"user"},"type":"system_details"}
{"payload":{"gpu_static_info":[{"gpu_index":0,"name":"NVIDIA GeForce GTX 1650 SUPER","power_limit":100000,"total_memory":4294967296,"uuid":"GPU-4030928e-2422-47fe-2372-9cdf43506c71"}]},"type":"gpu_static_info"}
{"payload":{"local_timestamp":1685808135632,"metric":{"epoch":null,"metricName":"sys.gpu.0.total_memory","metricValue":4294967296,"step":null}},"type":"metric_msg"}
{"payload":{"local_timestamp":1685808135645,"param":{"paramName":"img","paramValue":640,"source":"cli","step":null}},"type":"parameter_msg"}
{"payload":{"local_timestamp":1685808135645,"param":{"paramName":"epochs","paramValue":3,"source":"cli","step":null}},"type":"parameter_msg"}
{"payload":{"local_timestamp":1685808135645,"param":{"paramName":"data","paramValue":"coco128.yaml","source":"cli","step":null}},"type":"parameter_msg"}
{"payload":{"local_timestamp":1685808135645,"param":{"paramName":"bbox_interval","paramValue":1,"source":"cli","step":null}},"type":"parameter_msg"}
{"payload":{"local_timestamp":1685808135645,"param":{"paramName":"weights","paramValue":"yolov5s.pt","source":"cli","step":null}},"type":"parameter_msg"}
{"payload":{"local_timestamp":1685808135652,"metric":{"epoch":null,"metricName":"sys.gpu.0.free_memory","metricValue":1945006080,"step":null}},"type":"metric_msg"}
{"payload":{"local_timestamp":1685808135652,"metric":{"epoch":null,"metricName":"sys.gpu.0.gpu_utilization","metricValue":30,"step":null}},"type":"metric_msg"}
{"payload":{"local_timestamp":1685808135653,"metric":{"epoch":null,"metricName":"sys.gpu.0.power_usage","metricValue":27394,"step":null}},"type":"metric_msg"}
{"payload":{"local_timestamp":1685808135653,"metric":{"epoch":null,"metricName":"sys.gpu.0.temperature","metricValue":46,"step":null}},"type":"metric_msg"}
{"payload":{"local_timestamp":1685808135653,"metric":{"epoch":null,"metricName":"sys.gpu.0.used_memory","metricValue":2349961216,"step":null}},"type":"metric_msg"}
{"payload":{"local_timestamp":1685808135930,"output":"\u001b[1;38;5;39mCOMET INFO:\u001b[0m Experiment is live on comet.com \u001b[38;5;39mhttps://www.comet.com/eskortz/general/db64c11b5d864e58ac1c72a638711e64\u001b[0m\n\n","stderr":true},"type":"standard_output"}
{"payload":{"local_timestamp":1685808136183,"metric":{"epoch":null,"metricName":"sys.cpu.percent.avg","metricValue":56.43333333333333,"step":null}},"type":"metric_msg"}
{"payload":{"local_timestamp":1685808136183,"metric":{"epoch":null,"metricName":"sys.compute.overall","metricValue":56.4,"step":null}},"type":"metric_msg"}
{"payload":{"local_timestamp":1685808136183,"metric":{"epoch":null,"metricName":"sys.compute.utilized","metricValue":94.7,"step":null}},"type":"metric_msg"}
{"payload":{"local_timestamp":1685808136183,"metric":{"epoch":null,"metricName":"sys.load.avg","metricValue":0.0,"step":null}},"type":"metric_msg"}
{"payload":{"local_timestamp":1685808136183,"metric":{"epoch":null,"metricName":"sys.ram.total","metricValue":17106575360,"step":null}},"type":"metric_msg"}
{"payload":{"local_timestamp":1685808136183,"metric":{"epoch":null,"metricName":"sys.ram.used","metricValue":9168871424,"step":null}},"type":"metric_msg"}
{"payload":{"git_metadata":{"branch":"refs/heads/master","origin":"https://github.com/ultralytics/yolov5","parent":"5f11555e0796f9471185a16dc79860c236f656f8","repo_name":"yolov5","root":"1e84a23f38fad9e52b59101e9f1246d93066ed1e","status":null,"user":"eskortz"}},"type":"git_metadata"}
{"payload":{"additional_params":null,"clean":true,"file_path":"tmp8sp1s709..zip","local_timestamp":1685808136366,"metadata":{},"upload_type":"git-patch"},"type":"file_upload"}
{"payload":{"local_timestamp":1685808195736,"metric":{"epoch":null,"metricName":"sys.gpu.0.free_memory","metricValue":1930260480,"step":null}},"type":"metric_msg"}
{"payload":{"local_timestamp":1685808195736,"metric":{"epoch":null,"metricName":"sys.gpu.0.gpu_utilization","metricValue":34,"step":null}},"type":"metric_msg"}
{"payload":{"local_timestamp":1685808195736,"metric":{"epoch":null,"metricName":"sys.gpu.0.power_usage","metricValue":26786,"step":null}},"type":"metric_msg"}
{"payload":{"local_timestamp":1685808195736,"metric":{"epoch":null,"metricName":"sys.gpu.0.temperature","metricValue":47,"step":null}},"type":"metric_msg"}
{"payload":{"local_timestamp":1685808195736,"metric":{"epoch":null,"metricName":"sys.gpu.0.used_memory","metricValue":2364706816,"step":null}},"type":"metric_msg"}
{"payload":{"local_timestamp":1685808196565,"metric":{"epoch":null,"metricName":"sys.cpu.percent.avg","metricValue":61.78333333333333,"step":null}},"type":"metric_msg"}
{"payload":{"local_timestamp":1685808196565,"metric":{"epoch":null,"metricName":"sys.compute.overall","metricValue":61.8,"step":null}},"type":"metric_msg"}
{"payload":{"local_timestamp":1685808196565,"metric":{"epoch":null,"metricName":"sys.compute.utilized","metricValue":0.0,"step":null}},"type":"metric_msg"}
{"payload":{"local_timestamp":1685808196565,"metric":{"epoch":null,"metricName":"sys.load.avg","metricValue":1.46,"step":null}},"type":"metric_msg"}
{"payload":{"local_timestamp":1685808196565,"metric":{"epoch":null,"metricName":"sys.ram.total","metricValue":17106575360,"step":null}},"type":"metric_msg"}
{"payload":{"local_timestamp":1685808196565,"metric":{"epoch":null,"metricName":"sys.ram.used","metricValue":12011491328,"step":null}},"type":"metric_msg"}
{"payload":{"local_timestamp":1685808256014,"metric":{"epoch":null,"metricName":"sys.gpu.0.free_memory","metricValue":2114334720,"step":null}},"type":"metric_msg"}
{"payload":{"local_timestamp":1685808256014,"metric":{"epoch":null,"metricName":"sys.gpu.0.gpu_utilization","metricValue":29,"step":null}},"type":"metric_msg"}
{"payload":{"local_timestamp":1685808256014,"metric":{"epoch":null,"metricName":"sys.gpu.0.power_usage","metricValue":26314,"step":null}},"type":"metric_msg"}
{"payload":{"local_timestamp":1685808256014,"metric":{"epoch":null,"metricName":"sys.gpu.0.temperature","metricValue":46,"step":null}},"type":"metric_msg"}
{"payload":{"local_timestamp":1685808256014,"metric":{"epoch":null,"metricName":"sys.gpu.0.used_memory","metricValue":2180632576,"step":null}},"type":"metric_msg"}
{"payload":{"local_timestamp":1685808257288,"metric":{"epoch":null,"metricName":"sys.cpu.percent.avg","metricValue":93.81666666666666,"step":null}},"type":"metric_msg"}
{"payload":{"local_timestamp":1685808257288,"metric":{"epoch":null,"metricName":"sys.compute.overall","metricValue":93.8,"step":null}},"type":"metric_msg"}
{"payload":{"local_timestamp":1685808257288,"metric":{"epoch":null,"metricName":"sys.compute.utilized","metricValue":0.0,"step":null}},"type":"metric_msg"}
{"payload":{"local_timestamp":1685808257288,"metric":{"epoch":null,"metricName":"sys.load.avg","metricValue":14.02,"step":null}},"type":"metric_msg"}
{"payload":{"local_timestamp":1685808257288,"metric":{"epoch":null,"metricName":"sys.ram.total","metricValue":17106575360,"step":null}},"type":"metric_msg"}
{"payload":{"local_timestamp":1685808257288,"metric":{"epoch":null,"metricName":"sys.ram.used","metricValue":13703741440,"step":null}},"type":"metric_msg"}
{"payload":{"local_timestamp":1685808316415,"metric":{"epoch":null,"metricName":"sys.gpu.0.free_memory","metricValue":2102472704,"step":null}},"type":"metric_msg"}
{"payload":{"local_timestamp":1685808316415,"metric":{"epoch":null,"metricName":"sys.gpu.0.gpu_utilization","metricValue":36,"step":null}},"type":"metric_msg"}
{"payload":{"local_timestamp":1685808316415,"metric":{"epoch":null,"metricName":"sys.gpu.0.power_usage","metricValue":26320,"step":null}},"type":"metric_msg"}
{"payload":{"local_timestamp":1685808316415,"metric":{"epoch":null,"metricName":"sys.gpu.0.temperature","metricValue":47,"step":null}},"type":"metric_msg"}
{"payload":{"local_timestamp":1685808316415,"metric":{"epoch":null,"metricName":"sys.gpu.0.used_memory","metricValue":2192494592,"step":null}},"type":"metric_msg"}
{"payload":{"local_timestamp":1685808317948,"metric":{"epoch":null,"metricName":"sys.cpu.percent.avg","metricValue":100.0,"step":null}},"type":"metric_msg"}
{"payload":{"local_timestamp":1685808317948,"metric":{"epoch":null,"metricName":"sys.compute.overall","metricValue":100.0,"step":null}},"type":"metric_msg"}
{"payload":{"local_timestamp":1685808317948,"metric":{"epoch":null,"metricName":"sys.compute.utilized","metricValue":0.0,"step":null}},"type":"metric_msg"}
{"payload":{"local_timestamp":1685808317948,"metric":{"epoch":null,"metricName":"sys.load.avg","metricValue":17.05,"step":null}},"type":"metric_msg"}
{"payload":{"local_timestamp":1685808317948,"metric":{"epoch":null,"metricName":"sys.ram.total","metricValue":17106575360,"step":null}},"type":"metric_msg"}
{"payload":{"local_timestamp":1685808317948,"metric":{"epoch":null,"metricName":"sys.ram.used","metricValue":14506053632,"step":null}},"type":"metric_msg"}
{"payload":{"local_timestamp":1685808376856,"metric":{"epoch":null,"metricName":"sys.gpu.0.free_memory","metricValue":2167447552,"step":null}},"type":"metric_msg"}
{"payload":{"local_timestamp":1685808376856,"metric":{"epoch":null,"metricName":"sys.gpu.0.gpu_utilization","metricValue":37,"step":null}},"type":"metric_msg"}
{"payload":{"local_timestamp":1685808376856,"metric":{"epoch":null,"metricName":"sys.gpu.0.power_usage","metricValue":26726,"step":null}},"type":"metric_msg"}
{"payload":{"local_timestamp":1685808376856,"metric":{"epoch":null,"metricName":"sys.gpu.0.temperature","metricValue":47,"step":null}},"type":"metric_msg"}
{"payload":{"local_timestamp":1685808376856,"metric":{"epoch":null,"metricName":"sys.gpu.0.used_memory","metricValue":2127519744,"step":null}},"type":"metric_msg"}
{"payload":{"local_timestamp":1685808378600,"metric":{"epoch":null,"metricName":"sys.cpu.percent.avg","metricValue":97.58333333333333,"step":null}},"type":"metric_msg"}
{"payload":{"local_timestamp":1685808378600,"metric":{"epoch":null,"metricName":"sys.compute.overall","metricValue":97.6,"step":null}},"type":"metric_msg"}
{"payload":{"local_timestamp":1685808378600,"metric":{"epoch":null,"metricName":"sys.compute.utilized","metricValue":0.0,"step":null}},"type":"metric_msg"}
{"payload":{"local_timestamp":1685808378600,"metric":{"epoch":null,"metricName":"sys.load.avg","metricValue":13.57,"step":null}},"type":"metric_msg"}
{"payload":{"local_timestamp":1685808378600,"metric":{"epoch":null,"metricName":"sys.ram.total","metricValue":17106575360,"step":null}},"type":"metric_msg"}
{"payload":{"local_timestamp":1685808378600,"metric":{"epoch":null,"metricName":"sys.ram.used","metricValue":12589383680,"step":null}},"type":"metric_msg"}
{"payload":{"local_timestamp":1685808416162,"output":"\u001b[1;38;5;196mCOMET ERROR:\u001b[0m Heartbeat processing error\n","stderr":true},"type":"standard_output"}
{"payload":{"local_timestamp":1685808437212,"metric":{"epoch":null,"metricName":"sys.gpu.0.free_memory","metricValue":1885896704,"step":null}},"type":"metric_msg"}
{"payload":{"local_timestamp":1685808437212,"metric":{"epoch":null,"metricName":"sys.gpu.0.gpu_utilization","metricValue":36,"step":null}},"type":"metric_msg"}
{"payload":{"local_timestamp":1685808437212,"metric":{"epoch":null,"metricName":"sys.gpu.0.power_usage","metricValue":26497,"step":null}},"type":"metric_msg"}
{"payload":{"local_timestamp":1685808437212,"metric":{"epoch":null,"metricName":"sys.gpu.0.temperature","metricValue":46,"step":null}},"type":"metric_msg"}
{"payload":{"local_timestamp":1685808437212,"metric":{"epoch":null,"metricName":"sys.gpu.0.used_memory","metricValue":2409070592,"step":null}},"type":"metric_msg"}
{"payload":{"local_timestamp":1685808439287,"metric":{"epoch":null,"metricName":"sys.cpu.percent.avg","metricValue":98.96666666666665,"step":null}},"type":"metric_msg"}
{"payload":{"local_timestamp":1685808439287,"metric":{"epoch":null,"metricName":"sys.compute.overall","metricValue":99.0,"step":null}},"type":"metric_msg"}
{"payload":{"local_timestamp":1685808439287,"metric":{"epoch":null,"metricName":"sys.compute.utilized","metricValue":0.0,"step":null}},"type":"metric_msg"}
{"payload":{"local_timestamp":1685808439287,"metric":{"epoch":null,"metricName":"sys.load.avg","metricValue":19.3,"step":null}},"type":"metric_msg"}
{"payload":{"local_timestamp":1685808439287,"metric":{"epoch":null,"metricName":"sys.ram.total","metricValue":17106575360,"step":null}},"type":"metric_msg"}
{"payload":{"local_timestamp":1685808439287,"metric":{"epoch":null,"metricName":"sys.ram.used","metricValue":15544008704,"step":null}},"type":"metric_msg"}
{"payload":{"local_timestamp":1685808497478,"metric":{"epoch":null,"metricName":"sys.gpu.0.free_memory","metricValue":1710260224,"step":null}},"type":"metric_msg"}
{"payload":{"local_timestamp":1685808497478,"metric":{"epoch":null,"metricName":"sys.gpu.0.gpu_utilization","metricValue":31,"step":null}},"type":"metric_msg"}
{"payload":{"local_timestamp":1685808497478,"metric":{"epoch":null,"metricName":"sys.gpu.0.power_usage","metricValue":26519,"step":null}},"type":"metric_msg"}
{"payload":{"local_timestamp":1685808497478,"metric":{"epoch":null,"metricName":"sys.gpu.0.temperature","metricValue":47,"step":null}},"type":"metric_msg"}
{"payload":{"local_timestamp":1685808497478,"metric":{"epoch":null,"metricName":"sys.gpu.0.used_memory","metricValue":2584707072,"step":null}},"type":"metric_msg"}
{"payload":{"local_timestamp":1685808499848,"metric":{"epoch":null,"metricName":"sys.cpu.percent.avg","metricValue":100.0,"step":null}},"type":"metric_msg"}
{"payload":{"local_timestamp":1685808499848,"metric":{"epoch":null,"metricName":"sys.compute.overall","metricValue":100.0,"step":null}},"type":"metric_msg"}
{"payload":{"local_timestamp":1685808499848,"metric":{"epoch":null,"metricName":"sys.compute.utilized","metricValue":0.0,"step":null}},"type":"metric_msg"}
{"payload":{"local_timestamp":1685808499848,"metric":{"epoch":null,"metricName":"sys.load.avg","metricValue":20.22,"step":null}},"type":"metric_msg"}
{"payload":{"local_timestamp":1685808499848,"metric":{"epoch":null,"metricName":"sys.ram.total","metricValue":17106575360,"step":null}},"type":"metric_msg"}
{"payload":{"local_timestamp":1685808499848,"metric":{"epoch":null,"metricName":"sys.ram.used","metricValue":15245119488,"step":null}},"type":"metric_msg"}
{"payload":{"local_timestamp":1685808557719,"metric":{"epoch":null,"metricName":"sys.gpu.0.free_memory","metricValue":1749786624,"step":null}},"type":"metric_msg"}
{"payload":{"local_timestamp":1685808557720,"metric":{"epoch":null,"metricName":"sys.gpu.0.gpu_utilization","metricValue":30,"step":null}},"type":"metric_msg"}
{"payload":{"local_timestamp":1685808557720,"metric":{"epoch":null,"metricName":"sys.gpu.0.power_usage","metricValue":25804,"step":null}},"type":"metric_msg"}
{"payload":{"local_timestamp":1685808557720,"metric":{"epoch":null,"metricName":"sys.gpu.0.temperature","metricValue":47,"step":null}},"type":"metric_msg"}
{"payload":{"local_timestamp":1685808557720,"metric":{"epoch":null,"metricName":"sys.gpu.0.used_memory","metricValue":2545180672,"step":null}},"type":"metric_msg"}
{"payload":{"local_timestamp":1685808560419,"metric":{"epoch":null,"metricName":"sys.cpu.percent.avg","metricValue":99.3,"step":null}},"type":"metric_msg"}
{"payload":{"local_timestamp":1685808560420,"metric":{"epoch":null,"metricName":"sys.compute.overall","metricValue":99.3,"step":null}},"type":"metric_msg"}
{"payload":{"local_timestamp":1685808560420,"metric":{"epoch":null,"metricName":"sys.compute.utilized","metricValue":0.0,"step":null}},"type":"metric_msg"}
{"payload":{"local_timestamp":1685808560420,"metric":{"epoch":null,"metricName":"sys.load.avg","metricValue":17.5,"step":null}},"type":"metric_msg"}
{"payload":{"local_timestamp":1685808560420,"metric":{"epoch":null,"metricName":"sys.ram.total","metricValue":17106575360,"step":null}},"type":"metric_msg"}
{"payload":{"local_timestamp":1685808560420,"metric":{"epoch":null,"metricName":"sys.ram.used","metricValue":13218799616,"step":null}},"type":"metric_msg"}
{"payload":{"local_timestamp":1685808617991,"metric":{"epoch":null,"metricName":"sys.gpu.0.free_memory","metricValue":1820827648,"step":null}},"type":"metric_msg"}
{"payload":{"local_timestamp":1685808617992,"metric":{"epoch":null,"metricName":"sys.gpu.0.gpu_utilization","metricValue":36,"step":null}},"type":"metric_msg"}
{"payload":{"local_timestamp":1685808617992,"metric":{"epoch":null,"metricName":"sys.gpu.0.power_usage","metricValue":26752,"step":null}},"type":"metric_msg"}
{"payload":{"local_timestamp":1685808617992,"metric":{"epoch":null,"metricName":"sys.gpu.0.temperature","metricValue":47,"step":null}},"type":"metric_msg"}
{"payload":{"local_timestamp":1685808617992,"metric":{"epoch":null,"metricName":"sys.gpu.0.used_memory","metricValue":2474139648,"step":null}},"type":"metric_msg"}
{"payload":{"local_timestamp":1685808621001,"metric":{"epoch":null,"metricName":"sys.cpu.percent.avg","metricValue":100.0,"step":null}},"type":"metric_msg"}
{"payload":{"local_timestamp":1685808621001,"metric":{"epoch":null,"metricName":"sys.compute.overall","metricValue":100.0,"step":null}},"type":"metric_msg"}
{"payload":{"local_timestamp":1685808621001,"metric":{"epoch":null,"metricName":"sys.compute.utilized","metricValue":0.0,"step":null}},"type":"metric_msg"}
{"payload":{"local_timestamp":1685808621001,"metric":{"epoch":null,"metricName":"sys.load.avg","metricValue":16.67,"step":null}},"type":"metric_msg"}
{"payload":{"local_timestamp":1685808621001,"metric":{"epoch":null,"metricName":"sys.ram.total","metricValue":17106575360,"step":null}},"type":"metric_msg"}
{"payload":{"local_timestamp":1685808621001,"metric":{"epoch":null,"metricName":"sys.ram.used","metricValue":15516868608,"step":null}},"type":"metric_msg"}
{"payload":{"local_timestamp":1685808678291,"metric":{"epoch":null,"metricName":"sys.gpu.0.free_memory","metricValue":1770053632,"step":null}},"type":"metric_msg"}
{"payload":{"local_timestamp":1685808678291,"metric":{"epoch":null,"metricName":"sys.gpu.0.gpu_utilization","metricValue":19,"step":null}},"type":"metric_msg"}
{"payload":{"local_timestamp":1685808678291,"metric":{"epoch":null,"metricName":"sys.gpu.0.power_usage","metricValue":24990,"step":null}},"type":"metric_msg"}
{"payload":{"local_timestamp":1685808678291,"metric":{"epoch":null,"metricName":"sys.gpu.0.temperature","metricValue":46,"step":null}},"type":"metric_msg"}
{"payload":{"local_timestamp":1685808678291,"metric":{"epoch":null,"metricName":"sys.gpu.0.used_memory","metricValue":2524913664,"step":null}},"type":"metric_msg"}
{"payload":{"local_timestamp":1685808681601,"metric":{"epoch":null,"metricName":"sys.cpu.percent.avg","metricValue":99.98333333333333,"step":null}},"type":"metric_msg"}
{"payload":{"local_timestamp":1685808681601,"metric":{"epoch":null,"metricName":"sys.compute.overall","metricValue":100.0,"step":null}},"type":"metric_msg"}
{"payload":{"local_timestamp":1685808681601,"metric":{"epoch":null,"metricName":"sys.compute.utilized","metricValue":0.0,"step":null}},"type":"metric_msg"}
{"payload":{"local_timestamp":1685808681601,"metric":{"epoch":null,"metricName":"sys.load.avg","metricValue":16.54,"step":null}},"type":"metric_msg"}
{"payload":{"local_timestamp":1685808681601,"metric":{"epoch":null,"metricName":"sys.ram.total","metricValue":17106575360,"step":null}},"type":"metric_msg"}
{"payload":{"local_timestamp":1685808681601,"metric":{"epoch":null,"metricName":"sys.ram.used","metricValue":12354527232,"step":null}},"type":"metric_msg"}
{"payload":{"local_timestamp":1685808730383,"output":"\u001b[1;38;5;39mCOMET INFO:\u001b[0m ---------------------------------------------------------------------------------------\n","stderr":true},"type":"standard_output"}
{"payload":{"local_timestamp":1685808730384,"output":"\u001b[1;38;5;39mCOMET INFO:\u001b[0m Comet.ml Experiment Summary\n","stderr":true},"type":"standard_output"}
{"payload":{"local_timestamp":1685808730384,"output":"\u001b[1;38;5;39mCOMET INFO:\u001b[0m ---------------------------------------------------------------------------------------\n","stderr":true},"type":"standard_output"}
{"payload":{"local_timestamp":1685808730385,"output":"\u001b[1;38;5;39mCOMET INFO:\u001b[0m   Data:\n","stderr":true},"type":"standard_output"}
{"payload":{"local_timestamp":1685808730395,"output":"\u001b[1;38;5;39mCOMET INFO:\u001b[0m     display_summary_level : 1\n","stderr":true},"type":"standard_output"}
{"payload":{"local_timestamp":1685808730400,"output":"\u001b[1;38;5;39mCOMET INFO:\u001b[0m     url                   : \u001b[38;5;39mhttps://www.comet.com/eskortz/general/db64c11b5d864e58ac1c72a638711e64\u001b[0m\n","stderr":true},"type":"standard_output"}
{"payload":{"local_timestamp":1685808730402,"output":"\u001b[1;38;5;39mCOMET INFO:\u001b[0m   Uploads:\n","stderr":true},"type":"standard_output"}
{"payload":{"local_timestamp":1685808730404,"output":"\u001b[1;38;5;39mCOMET INFO:\u001b[0m     environment details      : 1\n","stderr":true},"type":"standard_output"}
{"payload":{"local_timestamp":1685808730408,"output":"\u001b[1;38;5;39mCOMET INFO:\u001b[0m     filename                 : 1\n","stderr":true},"type":"standard_output"}
{"payload":{"local_timestamp":1685808730408,"output":"\u001b[1;38;5;39mCOMET INFO:\u001b[0m     git metadata             : 1\n","stderr":true},"type":"standard_output"}
{"payload":{"local_timestamp":1685808730409,"output":"\u001b[1;38;5;39mCOMET INFO:\u001b[0m     git-patch (uncompressed) : 1 (6.14 KB)\n","stderr":true},"type":"standard_output"}
{"payload":{"local_timestamp":1685808730411,"output":"\u001b[1;38;5;39mCOMET INFO:\u001b[0m     installed packages       : 1\n","stderr":true},"type":"standard_output"}
{"payload":{"local_timestamp":1685808730414,"output":"\u001b[1;38;5;39mCOMET INFO:\u001b[0m     source_code              : 2 (67.62 KB)\n","stderr":true},"type":"standard_output"}
{"payload":{"local_timestamp":1685808730481,"output":"\u001b[1;38;5;39mCOMET INFO:\u001b[0m \n","stderr":true},"type":"standard_output"}
