{"payload":{"file_name":"C:\\Users\\user\\Desktop\\yolov5\\train.py"},"type":"file_name"}
{"payload":{"additional_params":{"assetId":"cd2be144942f4192a5779525cc4964ad","context":null,"extension":"py","fileName":"C:\\Users\\user\\Desktop\\yolov5\\train.py","overwrite":false,"runId":"pu924x4jo4GnubnKP7a1LAFfm","step":null,"type":"source_code"},"clean":true,"file_path":"tmph74b239z","local_timestamp":1685808153649,"metadata":{"source_code_type":"experiment_creation"},"upload_type":"source_code"},"type":"file_upload"}
{"payload":{"additional_params":{"assetId":"c49e764f6c824bf790c795bbfbe4e516","context":null,"extension":"py","fileName":"C:\\Users\\user\\Desktop\\yolov5\\train.py","overwrite":false,"runId":"pu924x4jo4GnubnKP7a1LAFfm","step":null,"type":"source_code"},"clean":true,"file_path":"tmpphj9r0_z","local_timestamp":1685808153651,"metadata":{"source_code_type":"python_script_name"},"upload_type":"source_code"},"type":"file_upload"}
{"payload":{"installed_packages":["attrs==23.1.0","certifi==2022.9.24","charset-normalizer==2.1.1","colorama==0.4.6","comet-ml==3.33.3","configobj==5.0.8","contourpy==1.0.7","cycler==0.11.0","dulwich==0.21.5","everett==3.1.0","filelock==3.12.0","fonttools==4.39.4","gitdb==4.0.10","gitpython==3.1.31","idna==3.4","jinja2==3.1.2","jsonschema==4.17.3","kiwisolver==1.4.4","markdown-it-py==2.2.0","markupsafe==2.1.3","matplotlib==3.7.1","mdurl==0.1.2","mpmath==1.3.0","mysql-connector-python==8.0.32","networkx==3.1","numpy==1.23.5","opencv-python==4.7.0.72","packaging==23.1","pandas==1.5.2","pillow==9.5.0","pip==23.1.2","psutil==5.9.5","pycoingecko==3.1.0","pygments==2.15.1","pyparsing==3.0.9","pyrsistent==0.19.3","python-box==6.1.0","python-dateutil==2.8.2","pytz==2022.6","pyyaml==6.0","requests-toolbelt==1.0.0","requests==2.28.1","rich==13.4.1","scipy==1.10.1","seaborn==0.12.2","semantic-version==2.10.0","sentry-sdk==1.25.0","setuptools==67.8.0","simplejson==3.19.1","six==1.16.0","smmap==5.0.0","sympy==1.12","thop==0.1.1.post2209072238","torch==2.0.1","torchvision==0.15.2","tqdm==4.65.0","typing-extensions==4.6.3","ultralytics==8.0.112","urllib3==1.26.13","websocket-client==1.3.3","wrapt==1.15.0","wurlitzer==3.0.3"]},"type":"installed_packages"}
{"payload":{"command":["C:\\Users\\user\\Desktop\\yolov5\\train.py","--img","640","--epochs","3","--data","coco128.yaml","--bbox_interval","1","--weights","yolov5s.pt"],"env":null,"hostname":"WIN-3H6PK9E5G9N","ip":"172.31.1.203","machine":"AMD64","os":"Windows-10-10.0.19044-SP0","os_release":"10","os_type":"Windows","pid":7084,"processor":"AMD64 Family 23 Model 113 Stepping 0, AuthenticAMD","python_exe":"C:\\Users\\user\\AppData\\Local\\Programs\\Python\\Python311\\python.exe","python_version":"3.11.0","python_version_verbose":"3.11.0 (main, Oct 24 2022, 18:26:48) [MSC v.1933 64 bit (AMD64)]","user":"user"},"type":"system_details"}
{"payload":{"gpu_static_info":[{"gpu_index":0,"name":"NVIDIA GeForce GTX 1650 SUPER","power_limit":100000,"total_memory":4294967296,"uuid":"GPU-4030928e-2422-47fe-2372-9cdf43506c71"}]},"type":"gpu_static_info"}
{"payload":{"local_timestamp":1685808153693,"metric":{"epoch":null,"metricName":"sys.gpu.0.total_memory","metricValue":4294967296,"step":null}},"type":"metric_msg"}
{"payload":{"local_timestamp":1685808153704,"param":{"paramName":"img","paramValue":640,"source":"cli","step":null}},"type":"parameter_msg"}
{"payload":{"local_timestamp":1685808153705,"param":{"paramName":"epochs","paramValue":3,"source":"cli","step":null}},"type":"parameter_msg"}
{"payload":{"local_timestamp":1685808153705,"param":{"paramName":"data","paramValue":"coco128.yaml","source":"cli","step":null}},"type":"parameter_msg"}
{"payload":{"local_timestamp":1685808153705,"param":{"paramName":"bbox_interval","paramValue":1,"source":"cli","step":null}},"type":"parameter_msg"}
{"payload":{"local_timestamp":1685808153705,"param":{"paramName":"weights","paramValue":"yolov5s.pt","source":"cli","step":null}},"type":"parameter_msg"}
{"payload":{"local_timestamp":1685808153713,"metric":{"epoch":null,"metricName":"sys.gpu.0.free_memory","metricValue":1934454784,"step":null}},"type":"metric_msg"}
{"payload":{"local_timestamp":1685808153713,"metric":{"epoch":null,"metricName":"sys.gpu.0.gpu_utilization","metricValue":29,"step":null}},"type":"metric_msg"}
{"payload":{"local_timestamp":1685808153713,"metric":{"epoch":null,"metricName":"sys.gpu.0.power_usage","metricValue":26808,"step":null}},"type":"metric_msg"}
{"payload":{"local_timestamp":1685808153713,"metric":{"epoch":null,"metricName":"sys.gpu.0.temperature","metricValue":47,"step":null}},"type":"metric_msg"}
{"payload":{"local_timestamp":1685808153713,"metric":{"epoch":null,"metricName":"sys.gpu.0.used_memory","metricValue":2360512512,"step":null}},"type":"metric_msg"}
{"payload":{"local_timestamp":1685808154000,"output":"\u001b[1;38;5;39mCOMET INFO:\u001b[0m Experiment is live on comet.com \u001b[38;5;39mhttps://www.comet.com/eskortz/general/5856d47720454613a5658303f5d4872c\u001b[0m\n\n","stderr":true},"type":"standard_output"}
{"payload":{"local_timestamp":1685808154300,"metric":{"epoch":null,"metricName":"sys.cpu.percent.avg","metricValue":65.7,"step":null}},"type":"metric_msg"}
{"payload":{"local_timestamp":1685808154300,"metric":{"epoch":null,"metricName":"sys.compute.overall","metricValue":65.7,"step":null}},"type":"metric_msg"}
{"payload":{"local_timestamp":1685808154300,"metric":{"epoch":null,"metricName":"sys.compute.utilized","metricValue":105.2,"step":null}},"type":"metric_msg"}
{"payload":{"local_timestamp":1685808154300,"metric":{"epoch":null,"metricName":"sys.load.avg","metricValue":0.0,"step":null}},"type":"metric_msg"}
{"payload":{"local_timestamp":1685808154300,"metric":{"epoch":null,"metricName":"sys.ram.total","metricValue":17106575360,"step":null}},"type":"metric_msg"}
{"payload":{"local_timestamp":1685808154300,"metric":{"epoch":null,"metricName":"sys.ram.used","metricValue":9989984256,"step":null}},"type":"metric_msg"}
{"payload":{"git_metadata":{"branch":"refs/heads/master","origin":"https://github.com/ultralytics/yolov5","parent":"5f11555e0796f9471185a16dc79860c236f656f8","repo_name":"yolov5","root":"1e84a23f38fad9e52b59101e9f1246d93066ed1e","status":null,"user":"eskortz"}},"type":"git_metadata"}
{"payload":{"additional_params":null,"clean":true,"file_path":"tmpg2q_dut3..zip","local_timestamp":1685808154454,"metadata":{},"upload_type":"git-patch"},"type":"file_upload"}
{"payload":{"local_timestamp":1685808213797,"metric":{"epoch":null,"metricName":"sys.gpu.0.free_memory","metricValue":1964011520,"step":null}},"type":"metric_msg"}
{"payload":{"local_timestamp":1685808213797,"metric":{"epoch":null,"metricName":"sys.gpu.0.gpu_utilization","metricValue":32,"step":null}},"type":"metric_msg"}
{"payload":{"local_timestamp":1685808213797,"metric":{"epoch":null,"metricName":"sys.gpu.0.power_usage","metricValue":27025,"step":null}},"type":"metric_msg"}
{"payload":{"local_timestamp":1685808213797,"metric":{"epoch":null,"metricName":"sys.gpu.0.temperature","metricValue":47,"step":null}},"type":"metric_msg"}
{"payload":{"local_timestamp":1685808213797,"metric":{"epoch":null,"metricName":"sys.gpu.0.used_memory","metricValue":2330955776,"step":null}},"type":"metric_msg"}
{"payload":{"local_timestamp":1685808214731,"metric":{"epoch":null,"metricName":"sys.cpu.percent.avg","metricValue":66.95,"step":null}},"type":"metric_msg"}
{"payload":{"local_timestamp":1685808214731,"metric":{"epoch":null,"metricName":"sys.compute.overall","metricValue":67.0,"step":null}},"type":"metric_msg"}
{"payload":{"local_timestamp":1685808214731,"metric":{"epoch":null,"metricName":"sys.compute.utilized","metricValue":5.0,"step":null}},"type":"metric_msg"}
{"payload":{"local_timestamp":1685808214731,"metric":{"epoch":null,"metricName":"sys.load.avg","metricValue":7.65,"step":null}},"type":"metric_msg"}
{"payload":{"local_timestamp":1685808214731,"metric":{"epoch":null,"metricName":"sys.ram.total","metricValue":17106575360,"step":null}},"type":"metric_msg"}
{"payload":{"local_timestamp":1685808214731,"metric":{"epoch":null,"metricName":"sys.ram.used","metricValue":16644259840,"step":null}},"type":"metric_msg"}
{"payload":{"local_timestamp":1685808274414,"metric":{"epoch":null,"metricName":"sys.gpu.0.free_memory","metricValue":2118397952,"step":null}},"type":"metric_msg"}
{"payload":{"local_timestamp":1685808274414,"metric":{"epoch":null,"metricName":"sys.gpu.0.gpu_utilization","metricValue":35,"step":null}},"type":"metric_msg"}
{"payload":{"local_timestamp":1685808274414,"metric":{"epoch":null,"metricName":"sys.gpu.0.power_usage","metricValue":25854,"step":null}},"type":"metric_msg"}
{"payload":{"local_timestamp":1685808274414,"metric":{"epoch":null,"metricName":"sys.gpu.0.temperature","metricValue":46,"step":null}},"type":"metric_msg"}
{"payload":{"local_timestamp":1685808274414,"metric":{"epoch":null,"metricName":"sys.gpu.0.used_memory","metricValue":2176569344,"step":null}},"type":"metric_msg"}
{"payload":{"local_timestamp":1685808275486,"metric":{"epoch":null,"metricName":"sys.cpu.percent.avg","metricValue":99.61666666666667,"step":null}},"type":"metric_msg"}
{"payload":{"local_timestamp":1685808275486,"metric":{"epoch":null,"metricName":"sys.compute.overall","metricValue":99.6,"step":null}},"type":"metric_msg"}
{"payload":{"local_timestamp":1685808275486,"metric":{"epoch":null,"metricName":"sys.compute.utilized","metricValue":0.0,"step":null}},"type":"metric_msg"}
{"payload":{"local_timestamp":1685808275486,"metric":{"epoch":null,"metricName":"sys.load.avg","metricValue":18.19,"step":null}},"type":"metric_msg"}
{"payload":{"local_timestamp":1685808275486,"metric":{"epoch":null,"metricName":"sys.ram.total","metricValue":17106575360,"step":null}},"type":"metric_msg"}
{"payload":{"local_timestamp":1685808275486,"metric":{"epoch":null,"metricName":"sys.ram.used","metricValue":12335091712,"step":null}},"type":"metric_msg"}
{"payload":{"local_timestamp":1685808334724,"metric":{"epoch":null,"metricName":"sys.gpu.0.free_memory","metricValue":2091352064,"step":null}},"type":"metric_msg"}
{"payload":{"local_timestamp":1685808334724,"metric":{"epoch":null,"metricName":"sys.gpu.0.gpu_utilization","metricValue":37,"step":null}},"type":"metric_msg"}
{"payload":{"local_timestamp":1685808334724,"metric":{"epoch":null,"metricName":"sys.gpu.0.power_usage","metricValue":26628,"step":null}},"type":"metric_msg"}
{"payload":{"local_timestamp":1685808334724,"metric":{"epoch":null,"metricName":"sys.gpu.0.temperature","metricValue":47,"step":null}},"type":"metric_msg"}
{"payload":{"local_timestamp":1685808334724,"metric":{"epoch":null,"metricName":"sys.gpu.0.used_memory","metricValue":2203615232,"step":null}},"type":"metric_msg"}
{"payload":{"local_timestamp":1685808336285,"metric":{"epoch":null,"metricName":"sys.cpu.percent.avg","metricValue":100.0,"step":null}},"type":"metric_msg"}
{"payload":{"local_timestamp":1685808336285,"metric":{"epoch":null,"metricName":"sys.compute.overall","metricValue":100.0,"step":null}},"type":"metric_msg"}
{"payload":{"local_timestamp":1685808336285,"metric":{"epoch":null,"metricName":"sys.compute.utilized","metricValue":0.0,"step":null}},"type":"metric_msg"}
{"payload":{"local_timestamp":1685808336285,"metric":{"epoch":null,"metricName":"sys.load.avg","metricValue":14.73,"step":null}},"type":"metric_msg"}
{"payload":{"local_timestamp":1685808336285,"metric":{"epoch":null,"metricName":"sys.ram.total","metricValue":17106575360,"step":null}},"type":"metric_msg"}
{"payload":{"local_timestamp":1685808336285,"metric":{"epoch":null,"metricName":"sys.ram.used","metricValue":13631000576,"step":null}},"type":"metric_msg"}
{"payload":{"local_timestamp":1685808395160,"metric":{"epoch":null,"metricName":"sys.gpu.0.free_memory","metricValue":2021449728,"step":null}},"type":"metric_msg"}
{"payload":{"local_timestamp":1685808395160,"metric":{"epoch":null,"metricName":"sys.gpu.0.gpu_utilization","metricValue":36,"step":null}},"type":"metric_msg"}
{"payload":{"local_timestamp":1685808395160,"metric":{"epoch":null,"metricName":"sys.gpu.0.power_usage","metricValue":27013,"step":null}},"type":"metric_msg"}
{"payload":{"local_timestamp":1685808395160,"metric":{"epoch":null,"metricName":"sys.gpu.0.temperature","metricValue":47,"step":null}},"type":"metric_msg"}
{"payload":{"local_timestamp":1685808395160,"metric":{"epoch":null,"metricName":"sys.gpu.0.used_memory","metricValue":2273517568,"step":null}},"type":"metric_msg"}
{"payload":{"local_timestamp":1685808397114,"metric":{"epoch":null,"metricName":"sys.cpu.percent.avg","metricValue":96.61666666666667,"step":null}},"type":"metric_msg"}
{"payload":{"local_timestamp":1685808397114,"metric":{"epoch":null,"metricName":"sys.compute.overall","metricValue":96.6,"step":null}},"type":"metric_msg"}
{"payload":{"local_timestamp":1685808397114,"metric":{"epoch":null,"metricName":"sys.compute.utilized","metricValue":0.0,"step":null}},"type":"metric_msg"}
{"payload":{"local_timestamp":1685808397114,"metric":{"epoch":null,"metricName":"sys.load.avg","metricValue":14.78,"step":null}},"type":"metric_msg"}
{"payload":{"local_timestamp":1685808397114,"metric":{"epoch":null,"metricName":"sys.ram.total","metricValue":17106575360,"step":null}},"type":"metric_msg"}
{"payload":{"local_timestamp":1685808397114,"metric":{"epoch":null,"metricName":"sys.ram.used","metricValue":14535315456,"step":null}},"type":"metric_msg"}
{"payload":{"local_timestamp":1685808416138,"output":"\u001b[1;38;5;196mCOMET ERROR:\u001b[0m Heartbeat processing error\n","stderr":true},"type":"standard_output"}
{"payload":{"local_timestamp":1685808455533,"metric":{"epoch":null,"metricName":"sys.gpu.0.free_memory","metricValue":1472942080,"step":null}},"type":"metric_msg"}
{"payload":{"local_timestamp":1685808455533,"metric":{"epoch":null,"metricName":"sys.gpu.0.gpu_utilization","metricValue":17,"step":null}},"type":"metric_msg"}
{"payload":{"local_timestamp":1685808455533,"metric":{"epoch":null,"metricName":"sys.gpu.0.power_usage","metricValue":29022,"step":null}},"type":"metric_msg"}
{"payload":{"local_timestamp":1685808455533,"metric":{"epoch":null,"metricName":"sys.gpu.0.temperature","metricValue":47,"step":null}},"type":"metric_msg"}
{"payload":{"local_timestamp":1685808455533,"metric":{"epoch":null,"metricName":"sys.gpu.0.used_memory","metricValue":2822025216,"step":null}},"type":"metric_msg"}
{"payload":{"local_timestamp":1685808457854,"metric":{"epoch":null,"metricName":"sys.cpu.percent.avg","metricValue":99.95,"step":null}},"type":"metric_msg"}
{"payload":{"local_timestamp":1685808457855,"metric":{"epoch":null,"metricName":"sys.compute.overall","metricValue":100.0,"step":null}},"type":"metric_msg"}
{"payload":{"local_timestamp":1685808457855,"metric":{"epoch":null,"metricName":"sys.compute.utilized","metricValue":0.0,"step":null}},"type":"metric_msg"}
{"payload":{"local_timestamp":1685808457855,"metric":{"epoch":null,"metricName":"sys.load.avg","metricValue":17.82,"step":null}},"type":"metric_msg"}
{"payload":{"local_timestamp":1685808457855,"metric":{"epoch":null,"metricName":"sys.ram.total","metricValue":17106575360,"step":null}},"type":"metric_msg"}
{"payload":{"local_timestamp":1685808457855,"metric":{"epoch":null,"metricName":"sys.ram.used","metricValue":13914492928,"step":null}},"type":"metric_msg"}
{"payload":{"local_timestamp":1685808515923,"metric":{"epoch":null,"metricName":"sys.gpu.0.free_memory","metricValue":1678868480,"step":null}},"type":"metric_msg"}
{"payload":{"local_timestamp":1685808515923,"metric":{"epoch":null,"metricName":"sys.gpu.0.gpu_utilization","metricValue":36,"step":null}},"type":"metric_msg"}
{"payload":{"local_timestamp":1685808515924,"metric":{"epoch":null,"metricName":"sys.gpu.0.power_usage","metricValue":26639,"step":null}},"type":"metric_msg"}
{"payload":{"local_timestamp":1685808515924,"metric":{"epoch":null,"metricName":"sys.gpu.0.temperature","metricValue":47,"step":null}},"type":"metric_msg"}
{"payload":{"local_timestamp":1685808515924,"metric":{"epoch":null,"metricName":"sys.gpu.0.used_memory","metricValue":2616098816,"step":null}},"type":"metric_msg"}
{"payload":{"local_timestamp":1685808518468,"metric":{"epoch":null,"metricName":"sys.cpu.percent.avg","metricValue":99.43333333333332,"step":null}},"type":"metric_msg"}
{"payload":{"local_timestamp":1685808518468,"metric":{"epoch":null,"metricName":"sys.compute.overall","metricValue":99.4,"step":null}},"type":"metric_msg"}
{"payload":{"local_timestamp":1685808518468,"metric":{"epoch":null,"metricName":"sys.compute.utilized","metricValue":0.0,"step":null}},"type":"metric_msg"}
{"payload":{"local_timestamp":1685808518468,"metric":{"epoch":null,"metricName":"sys.load.avg","metricValue":14.32,"step":null}},"type":"metric_msg"}
{"payload":{"local_timestamp":1685808518468,"metric":{"epoch":null,"metricName":"sys.ram.total","metricValue":17106575360,"step":null}},"type":"metric_msg"}
{"payload":{"local_timestamp":1685808518468,"metric":{"epoch":null,"metricName":"sys.ram.used","metricValue":11720114176,"step":null}},"type":"metric_msg"}
{"payload":{"local_timestamp":1685808576197,"metric":{"epoch":null,"metricName":"sys.gpu.0.free_memory","metricValue":1739005952,"step":null}},"type":"metric_msg"}
{"payload":{"local_timestamp":1685808576197,"metric":{"epoch":null,"metricName":"sys.gpu.0.gpu_utilization","metricValue":32,"step":null}},"type":"metric_msg"}
{"payload":{"local_timestamp":1685808576197,"metric":{"epoch":null,"metricName":"sys.gpu.0.power_usage","metricValue":26722,"step":null}},"type":"metric_msg"}
{"payload":{"local_timestamp":1685808576197,"metric":{"epoch":null,"metricName":"sys.gpu.0.temperature","metricValue":47,"step":null}},"type":"metric_msg"}
{"payload":{"local_timestamp":1685808576197,"metric":{"epoch":null,"metricName":"sys.gpu.0.used_memory","metricValue":2555961344,"step":null}},"type":"metric_msg"}
{"payload":{"local_timestamp":1685808579121,"metric":{"epoch":null,"metricName":"sys.cpu.percent.avg","metricValue":99.88333333333333,"step":null}},"type":"metric_msg"}
{"payload":{"local_timestamp":1685808579121,"metric":{"epoch":null,"metricName":"sys.compute.overall","metricValue":99.9,"step":null}},"type":"metric_msg"}
{"payload":{"local_timestamp":1685808579121,"metric":{"epoch":null,"metricName":"sys.compute.utilized","metricValue":0.0,"step":null}},"type":"metric_msg"}
{"payload":{"local_timestamp":1685808579121,"metric":{"epoch":null,"metricName":"sys.load.avg","metricValue":11.83,"step":null}},"type":"metric_msg"}
{"payload":{"local_timestamp":1685808579121,"metric":{"epoch":null,"metricName":"sys.ram.total","metricValue":17106575360,"step":null}},"type":"metric_msg"}
{"payload":{"local_timestamp":1685808579121,"metric":{"epoch":null,"metricName":"sys.ram.used","metricValue":15492169728,"step":null}},"type":"metric_msg"}
{"payload":{"local_timestamp":1685808636595,"metric":{"epoch":null,"metricName":"sys.gpu.0.free_memory","metricValue":1820827648,"step":null}},"type":"metric_msg"}
{"payload":{"local_timestamp":1685808636595,"metric":{"epoch":null,"metricName":"sys.gpu.0.gpu_utilization","metricValue":34,"step":null}},"type":"metric_msg"}
{"payload":{"local_timestamp":1685808636595,"metric":{"epoch":null,"metricName":"sys.gpu.0.power_usage","metricValue":27078,"step":null}},"type":"metric_msg"}
{"payload":{"local_timestamp":1685808636595,"metric":{"epoch":null,"metricName":"sys.gpu.0.temperature","metricValue":47,"step":null}},"type":"metric_msg"}
{"payload":{"local_timestamp":1685808636595,"metric":{"epoch":null,"metricName":"sys.gpu.0.used_memory","metricValue":2474139648,"step":null}},"type":"metric_msg"}
{"payload":{"local_timestamp":1685808639712,"metric":{"epoch":null,"metricName":"sys.cpu.percent.avg","metricValue":100.0,"step":null}},"type":"metric_msg"}
{"payload":{"local_timestamp":1685808639712,"metric":{"epoch":null,"metricName":"sys.compute.overall","metricValue":100.0,"step":null}},"type":"metric_msg"}
{"payload":{"local_timestamp":1685808639712,"metric":{"epoch":null,"metricName":"sys.compute.utilized","metricValue":0.0,"step":null}},"type":"metric_msg"}
{"payload":{"local_timestamp":1685808639712,"metric":{"epoch":null,"metricName":"sys.load.avg","metricValue":16.82,"step":null}},"type":"metric_msg"}
{"payload":{"local_timestamp":1685808639713,"metric":{"epoch":null,"metricName":"sys.ram.total","metricValue":17106575360,"step":null}},"type":"metric_msg"}
{"payload":{"local_timestamp":1685808639713,"metric":{"epoch":null,"metricName":"sys.ram.used","metricValue":13090336768,"step":null}},"type":"metric_msg"}
{"payload":{"local_timestamp":1685808696941,"metric":{"epoch":null,"metricName":"sys.gpu.0.free_memory","metricValue":1895546880,"step":null}},"type":"metric_msg"}
{"payload":{"local_timestamp":1685808696941,"metric":{"epoch":null,"metricName":"sys.gpu.0.gpu_utilization","metricValue":29,"step":null}},"type":"metric_msg"}
{"payload":{"local_timestamp":1685808696941,"metric":{"epoch":null,"metricName":"sys.gpu.0.power_usage","metricValue":25789,"step":null}},"type":"metric_msg"}
{"payload":{"local_timestamp":1685808696941,"metric":{"epoch":null,"metricName":"sys.gpu.0.temperature","metricValue":47,"step":null}},"type":"metric_msg"}
{"payload":{"local_timestamp":1685808696941,"metric":{"epoch":null,"metricName":"sys.gpu.0.used_memory","metricValue":2399420416,"step":null}},"type":"metric_msg"}
{"payload":{"local_timestamp":1685808700375,"metric":{"epoch":null,"metricName":"sys.cpu.percent.avg","metricValue":99.7,"step":null}},"type":"metric_msg"}
{"payload":{"local_timestamp":1685808700375,"metric":{"epoch":null,"metricName":"sys.compute.overall","metricValue":99.7,"step":null}},"type":"metric_msg"}
{"payload":{"local_timestamp":1685808700375,"metric":{"epoch":null,"metricName":"sys.compute.utilized","metricValue":0.0,"step":null}},"type":"metric_msg"}
{"payload":{"local_timestamp":1685808700375,"metric":{"epoch":null,"metricName":"sys.load.avg","metricValue":16.05,"step":null}},"type":"metric_msg"}
{"payload":{"local_timestamp":1685808700375,"metric":{"epoch":null,"metricName":"sys.ram.total","metricValue":17106575360,"step":null}},"type":"metric_msg"}
{"payload":{"local_timestamp":1685808700375,"metric":{"epoch":null,"metricName":"sys.ram.used","metricValue":12517752832,"step":null}},"type":"metric_msg"}
{"payload":{"local_timestamp":1685808734303,"output":"\u001b[1;38;5;39mCOMET INFO:\u001b[0m ---------------------------------------------------------------------------------------\n","stderr":true},"type":"standard_output"}
{"payload":{"local_timestamp":1685808734309,"output":"\u001b[1;38;5;39mCOMET INFO:\u001b[0m Comet.ml Experiment Summary\n","stderr":true},"type":"standard_output"}
{"payload":{"local_timestamp":1685808734313,"output":"\u001b[1;38;5;39mCOMET INFO:\u001b[0m ---------------------------------------------------------------------------------------\n","stderr":true},"type":"standard_output"}
{"payload":{"local_timestamp":1685808734323,"output":"\u001b[1;38;5;39mCOMET INFO:\u001b[0m   Data:\n","stderr":true},"type":"standard_output"}
{"payload":{"local_timestamp":1685808734330,"output":"\u001b[1;38;5;39mCOMET INFO:\u001b[0m     display_summary_level : 1\n","stderr":true},"type":"standard_output"}
{"payload":{"local_timestamp":1685808734336,"output":"\u001b[1;38;5;39mCOMET INFO:\u001b[0m     url                   : \u001b[38;5;39mhttps://www.comet.com/eskortz/general/5856d47720454613a5658303f5d4872c\u001b[0m\n","stderr":true},"type":"standard_output"}
{"payload":{"local_timestamp":1685808734338,"output":"\u001b[1;38;5;39mCOMET INFO:\u001b[0m   Uploads:\n","stderr":true},"type":"standard_output"}
{"payload":{"local_timestamp":1685808734344,"output":"\u001b[1;38;5;39mCOMET INFO:\u001b[0m     environment details      : 1\n","stderr":true},"type":"standard_output"}
{"payload":{"local_timestamp":1685808734347,"output":"\u001b[1;38;5;39mCOMET INFO:\u001b[0m     filename                 : 1\n","stderr":true},"type":"standard_output"}
{"payload":{"local_timestamp":1685808734350,"output":"\u001b[1;38;5;39mCOMET INFO:\u001b[0m     git metadata             : 1\n","stderr":true},"type":"standard_output"}
{"payload":{"local_timestamp":1685808734351,"output":"\u001b[1;38;5;39mCOMET INFO:\u001b[0m     git-patch (uncompressed) : 1 (6.14 KB)\n","stderr":true},"type":"standard_output"}
{"payload":{"local_timestamp":1685808734358,"output":"\u001b[1;38;5;39mCOMET INFO:\u001b[0m     installed packages       : 1\n","stderr":true},"type":"standard_output"}
{"payload":{"local_timestamp":1685808734360,"output":"\u001b[1;38;5;39mCOMET INFO:\u001b[0m     source_code              : 2 (67.62 KB)\n","stderr":true},"type":"standard_output"}
{"payload":{"local_timestamp":1685808734362,"output":"\u001b[1;38;5;39mCOMET INFO:\u001b[0m \n","stderr":true},"type":"standard_output"}
