{"payload":{"file_name":"C:\\Users\\user\\Desktop\\yolov5\\train.py"},"type":"file_name"}
{"payload":{"additional_params":{"assetId":"b9a1b8aa18ef4ea2849fab87311bf475","context":null,"extension":"py","fileName":"C:\\Users\\user\\Desktop\\yolov5\\train.py","overwrite":false,"runId":"5LTHF7p6mBMQcjVlcnLZla6JL","step":null,"type":"source_code"},"clean":true,"file_path":"tmpap393no6","local_timestamp":1685808117452,"metadata":{"source_code_type":"experiment_creation"},"upload_type":"source_code"},"type":"file_upload"}
{"payload":{"additional_params":{"assetId":"9828c0095ec4461785c4b556561ff914","context":null,"extension":"py","fileName":"C:\\Users\\user\\Desktop\\yolov5\\train.py","overwrite":false,"runId":"5LTHF7p6mBMQcjVlcnLZla6JL","step":null,"type":"source_code"},"clean":true,"file_path":"tmpos5ut78q","local_timestamp":1685808117455,"metadata":{"source_code_type":"python_script_name"},"upload_type":"source_code"},"type":"file_upload"}
{"payload":{"installed_packages":["attrs==23.1.0","certifi==2022.9.24","charset-normalizer==2.1.1","colorama==0.4.6","comet-ml==3.33.3","configobj==5.0.8","contourpy==1.0.7","cycler==0.11.0","dulwich==0.21.5","everett==3.1.0","filelock==3.12.0","fonttools==4.39.4","gitdb==4.0.10","gitpython==3.1.31","idna==3.4","jinja2==3.1.2","jsonschema==4.17.3","kiwisolver==1.4.4","markdown-it-py==2.2.0","markupsafe==2.1.3","matplotlib==3.7.1","mdurl==0.1.2","mpmath==1.3.0","mysql-connector-python==8.0.32","networkx==3.1","numpy==1.23.5","opencv-python==4.7.0.72","packaging==23.1","pandas==1.5.2","pillow==9.5.0","pip==23.1.2","psutil==5.9.5","pycoingecko==3.1.0","pygments==2.15.1","pyparsing==3.0.9","pyrsistent==0.19.3","python-box==6.1.0","python-dateutil==2.8.2","pytz==2022.6","pyyaml==6.0","requests-toolbelt==1.0.0","requests==2.28.1","rich==13.4.1","scipy==1.10.1","seaborn==0.12.2","semantic-version==2.10.0","sentry-sdk==1.25.0","setuptools==67.8.0","simplejson==3.19.1","six==1.16.0","smmap==5.0.0","sympy==1.12","thop==0.1.1.post2209072238","torch==2.0.1","torchvision==0.15.2","tqdm==4.65.0","typing-extensions==4.6.3","ultralytics==8.0.112","urllib3==1.26.13","websocket-client==1.3.3","wrapt==1.15.0","wurlitzer==3.0.3"]},"type":"installed_packages"}
{"payload":{"command":["C:\\Users\\user\\Desktop\\yolov5\\train.py","--img","640","--epochs","3","--data","coco128.yaml","--bbox_interval","1","--weights","yolov5s.pt"],"env":null,"hostname":"WIN-3H6PK9E5G9N","ip":"172.31.1.203","machine":"AMD64","os":"Windows-10-10.0.19044-SP0","os_release":"10","os_type":"Windows","pid":16184,"processor":"AMD64 Family 23 Model 113 Stepping 0, AuthenticAMD","python_exe":"C:\\Users\\user\\AppData\\Local\\Programs\\Python\\Python311\\python.exe","python_version":"3.11.0","python_version_verbose":"3.11.0 (main, Oct 24 2022, 18:26:48) [MSC v.1933 64 bit (AMD64)]","user":"user"},"type":"system_details"}
{"payload":{"gpu_static_info":[{"gpu_index":0,"name":"NVIDIA GeForce GTX 1650 SUPER","power_limit":100000,"total_memory":4294967296,"uuid":"GPU-4030928e-2422-47fe-2372-9cdf43506c71"}]},"type":"gpu_static_info"}
{"payload":{"local_timestamp":1685808117571,"metric":{"epoch":null,"metricName":"sys.gpu.0.total_memory","metricValue":4294967296,"step":null}},"type":"metric_msg"}
{"payload":{"local_timestamp":1685808117583,"param":{"paramName":"img","paramValue":640,"source":"cli","step":null}},"type":"parameter_msg"}
{"payload":{"local_timestamp":1685808117583,"param":{"paramName":"epochs","paramValue":3,"source":"cli","step":null}},"type":"parameter_msg"}
{"payload":{"local_timestamp":1685808117583,"param":{"paramName":"data","paramValue":"coco128.yaml","source":"cli","step":null}},"type":"parameter_msg"}
{"payload":{"local_timestamp":1685808117583,"param":{"paramName":"bbox_interval","paramValue":1,"source":"cli","step":null}},"type":"parameter_msg"}
{"payload":{"local_timestamp":1685808117583,"param":{"paramName":"weights","paramValue":"yolov5s.pt","source":"cli","step":null}},"type":"parameter_msg"}
{"payload":{"local_timestamp":1685808117592,"metric":{"epoch":null,"metricName":"sys.gpu.0.free_memory","metricValue":1939398656,"step":null}},"type":"metric_msg"}
{"payload":{"local_timestamp":1685808117592,"metric":{"epoch":null,"metricName":"sys.gpu.0.gpu_utilization","metricValue":34,"step":null}},"type":"metric_msg"}
{"payload":{"local_timestamp":1685808117592,"metric":{"epoch":null,"metricName":"sys.gpu.0.power_usage","metricValue":26837,"step":null}},"type":"metric_msg"}
{"payload":{"local_timestamp":1685808117592,"metric":{"epoch":null,"metricName":"sys.gpu.0.temperature","metricValue":47,"step":null}},"type":"metric_msg"}
{"payload":{"local_timestamp":1685808117592,"metric":{"epoch":null,"metricName":"sys.gpu.0.used_memory","metricValue":2355568640,"step":null}},"type":"metric_msg"}
{"payload":{"local_timestamp":1685808117867,"output":"\u001b[1;38;5;39mCOMET INFO:\u001b[0m Experiment is live on comet.com \u001b[38;5;39mhttps://www.comet.com/eskortz/general/12c8e9822c784c4aaf195ec4b4bbe9b5\u001b[0m\n\n","stderr":true},"type":"standard_output"}
{"payload":{"local_timestamp":1685808118113,"metric":{"epoch":null,"metricName":"sys.cpu.percent.avg","metricValue":67.14999999999999,"step":null}},"type":"metric_msg"}
{"payload":{"local_timestamp":1685808118113,"metric":{"epoch":null,"metricName":"sys.compute.overall","metricValue":67.1,"step":null}},"type":"metric_msg"}
{"payload":{"local_timestamp":1685808118113,"metric":{"epoch":null,"metricName":"sys.compute.utilized","metricValue":109.8,"step":null}},"type":"metric_msg"}
{"payload":{"local_timestamp":1685808118113,"metric":{"epoch":null,"metricName":"sys.load.avg","metricValue":0.0,"step":null}},"type":"metric_msg"}
{"payload":{"local_timestamp":1685808118113,"metric":{"epoch":null,"metricName":"sys.ram.total","metricValue":17106575360,"step":null}},"type":"metric_msg"}
{"payload":{"local_timestamp":1685808118113,"metric":{"epoch":null,"metricName":"sys.ram.used","metricValue":9025982464,"step":null}},"type":"metric_msg"}
{"payload":{"git_metadata":{"branch":"refs/heads/master","origin":"https://github.com/ultralytics/yolov5","parent":"5f11555e0796f9471185a16dc79860c236f656f8","repo_name":"yolov5","root":"1e84a23f38fad9e52b59101e9f1246d93066ed1e","status":null,"user":"eskortz"}},"type":"git_metadata"}
{"payload":{"additional_params":null,"clean":true,"file_path":"tmp35okon3s..zip","local_timestamp":1685808118337,"metadata":{},"upload_type":"git-patch"},"type":"file_upload"}
{"payload":{"local_timestamp":1685808177691,"metric":{"epoch":null,"metricName":"sys.gpu.0.free_memory","metricValue":1950314496,"step":null}},"type":"metric_msg"}
{"payload":{"local_timestamp":1685808177691,"metric":{"epoch":null,"metricName":"sys.gpu.0.gpu_utilization","metricValue":29,"step":null}},"type":"metric_msg"}
{"payload":{"local_timestamp":1685808177691,"metric":{"epoch":null,"metricName":"sys.gpu.0.power_usage","metricValue":26892,"step":null}},"type":"metric_msg"}
{"payload":{"local_timestamp":1685808177691,"metric":{"epoch":null,"metricName":"sys.gpu.0.temperature","metricValue":46,"step":null}},"type":"metric_msg"}
{"payload":{"local_timestamp":1685808177691,"metric":{"epoch":null,"metricName":"sys.gpu.0.used_memory","metricValue":2344652800,"step":null}},"type":"metric_msg"}
{"payload":{"local_timestamp":1685808178528,"metric":{"epoch":null,"metricName":"sys.cpu.percent.avg","metricValue":61.36666666666667,"step":null}},"type":"metric_msg"}
{"payload":{"local_timestamp":1685808178528,"metric":{"epoch":null,"metricName":"sys.compute.overall","metricValue":61.4,"step":null}},"type":"metric_msg"}
{"payload":{"local_timestamp":1685808178528,"metric":{"epoch":null,"metricName":"sys.compute.utilized","metricValue":0.0,"step":null}},"type":"metric_msg"}
{"payload":{"local_timestamp":1685808178528,"metric":{"epoch":null,"metricName":"sys.load.avg","metricValue":0.37,"step":null}},"type":"metric_msg"}
{"payload":{"local_timestamp":1685808178528,"metric":{"epoch":null,"metricName":"sys.ram.total","metricValue":17106575360,"step":null}},"type":"metric_msg"}
{"payload":{"local_timestamp":1685808178528,"metric":{"epoch":null,"metricName":"sys.ram.used","metricValue":11026337792,"step":null}},"type":"metric_msg"}
{"payload":{"local_timestamp":1685808238003,"metric":{"epoch":null,"metricName":"sys.gpu.0.free_memory","metricValue":2129014784,"step":null}},"type":"metric_msg"}
{"payload":{"local_timestamp":1685808238003,"metric":{"epoch":null,"metricName":"sys.gpu.0.gpu_utilization","metricValue":36,"step":null}},"type":"metric_msg"}
{"payload":{"local_timestamp":1685808238003,"metric":{"epoch":null,"metricName":"sys.gpu.0.power_usage","metricValue":26725,"step":null}},"type":"metric_msg"}
{"payload":{"local_timestamp":1685808238003,"metric":{"epoch":null,"metricName":"sys.gpu.0.temperature","metricValue":46,"step":null}},"type":"metric_msg"}
{"payload":{"local_timestamp":1685808238003,"metric":{"epoch":null,"metricName":"sys.gpu.0.used_memory","metricValue":2165952512,"step":null}},"type":"metric_msg"}
{"payload":{"local_timestamp":1685808239194,"metric":{"epoch":null,"metricName":"sys.cpu.percent.avg","metricValue":83.35000000000001,"step":null}},"type":"metric_msg"}
{"payload":{"local_timestamp":1685808239194,"metric":{"epoch":null,"metricName":"sys.compute.overall","metricValue":83.4,"step":null}},"type":"metric_msg"}
{"payload":{"local_timestamp":1685808239194,"metric":{"epoch":null,"metricName":"sys.compute.utilized","metricValue":0.0,"step":null}},"type":"metric_msg"}
{"payload":{"local_timestamp":1685808239194,"metric":{"epoch":null,"metricName":"sys.load.avg","metricValue":11.13,"step":null}},"type":"metric_msg"}
{"payload":{"local_timestamp":1685808239194,"metric":{"epoch":null,"metricName":"sys.ram.total","metricValue":17106575360,"step":null}},"type":"metric_msg"}
{"payload":{"local_timestamp":1685808239194,"metric":{"epoch":null,"metricName":"sys.ram.used","metricValue":14716149760,"step":null}},"type":"metric_msg"}
{"payload":{"local_timestamp":1685808298431,"metric":{"epoch":null,"metricName":"sys.gpu.0.free_memory","metricValue":2093625344,"step":null}},"type":"metric_msg"}
{"payload":{"local_timestamp":1685808298431,"metric":{"epoch":null,"metricName":"sys.gpu.0.gpu_utilization","metricValue":36,"step":null}},"type":"metric_msg"}
{"payload":{"local_timestamp":1685808298432,"metric":{"epoch":null,"metricName":"sys.gpu.0.power_usage","metricValue":25931,"step":null}},"type":"metric_msg"}
{"payload":{"local_timestamp":1685808298432,"metric":{"epoch":null,"metricName":"sys.gpu.0.temperature","metricValue":46,"step":null}},"type":"metric_msg"}
{"payload":{"local_timestamp":1685808298432,"metric":{"epoch":null,"metricName":"sys.gpu.0.used_memory","metricValue":2201341952,"step":null}},"type":"metric_msg"}
{"payload":{"local_timestamp":1685808299879,"metric":{"epoch":null,"metricName":"sys.cpu.percent.avg","metricValue":99.61666666666667,"step":null}},"type":"metric_msg"}
{"payload":{"local_timestamp":1685808299879,"metric":{"epoch":null,"metricName":"sys.compute.overall","metricValue":99.6,"step":null}},"type":"metric_msg"}
{"payload":{"local_timestamp":1685808299880,"metric":{"epoch":null,"metricName":"sys.compute.utilized","metricValue":0.0,"step":null}},"type":"metric_msg"}
{"payload":{"local_timestamp":1685808299880,"metric":{"epoch":null,"metricName":"sys.load.avg","metricValue":12.43,"step":null}},"type":"metric_msg"}
{"payload":{"local_timestamp":1685808299880,"metric":{"epoch":null,"metricName":"sys.ram.total","metricValue":17106575360,"step":null}},"type":"metric_msg"}
{"payload":{"local_timestamp":1685808299880,"metric":{"epoch":null,"metricName":"sys.ram.used","metricValue":15974268928,"step":null}},"type":"metric_msg"}
{"payload":{"local_timestamp":1685808358770,"metric":{"epoch":null,"metricName":"sys.gpu.0.free_memory","metricValue":2167054336,"step":null}},"type":"metric_msg"}
{"payload":{"local_timestamp":1685808358770,"metric":{"epoch":null,"metricName":"sys.gpu.0.gpu_utilization","metricValue":37,"step":null}},"type":"metric_msg"}
{"payload":{"local_timestamp":1685808358770,"metric":{"epoch":null,"metricName":"sys.gpu.0.power_usage","metricValue":26713,"step":null}},"type":"metric_msg"}
{"payload":{"local_timestamp":1685808358770,"metric":{"epoch":null,"metricName":"sys.gpu.0.temperature","metricValue":47,"step":null}},"type":"metric_msg"}
{"payload":{"local_timestamp":1685808358770,"metric":{"epoch":null,"metricName":"sys.gpu.0.used_memory","metricValue":2127912960,"step":null}},"type":"metric_msg"}
{"payload":{"local_timestamp":1685808360499,"metric":{"epoch":null,"metricName":"sys.cpu.percent.avg","metricValue":98.34999999999998,"step":null}},"type":"metric_msg"}
{"payload":{"local_timestamp":1685808360499,"metric":{"epoch":null,"metricName":"sys.compute.overall","metricValue":98.3,"step":null}},"type":"metric_msg"}
{"payload":{"local_timestamp":1685808360499,"metric":{"epoch":null,"metricName":"sys.compute.utilized","metricValue":5.0,"step":null}},"type":"metric_msg"}
{"payload":{"local_timestamp":1685808360499,"metric":{"epoch":null,"metricName":"sys.load.avg","metricValue":17.76,"step":null}},"type":"metric_msg"}
{"payload":{"local_timestamp":1685808360499,"metric":{"epoch":null,"metricName":"sys.ram.total","metricValue":17106575360,"step":null}},"type":"metric_msg"}
{"payload":{"local_timestamp":1685808360499,"metric":{"epoch":null,"metricName":"sys.ram.used","metricValue":12380712960,"step":null}},"type":"metric_msg"}
{"payload":{"local_timestamp":1685808370358,"output":"\u001b[1;38;5;196mCOMET ERROR:\u001b[0m Heartbeat processing error\n","stderr":true},"type":"standard_output"}
{"payload":{"local_timestamp":1685808419157,"metric":{"epoch":null,"metricName":"sys.gpu.0.free_memory","metricValue":1958338560,"step":null}},"type":"metric_msg"}
{"payload":{"local_timestamp":1685808419157,"metric":{"epoch":null,"metricName":"sys.gpu.0.gpu_utilization","metricValue":37,"step":null}},"type":"metric_msg"}
{"payload":{"local_timestamp":1685808419157,"metric":{"epoch":null,"metricName":"sys.gpu.0.power_usage","metricValue":26917,"step":null}},"type":"metric_msg"}
{"payload":{"local_timestamp":1685808419157,"metric":{"epoch":null,"metricName":"sys.gpu.0.temperature","metricValue":47,"step":null}},"type":"metric_msg"}
{"payload":{"local_timestamp":1685808419157,"metric":{"epoch":null,"metricName":"sys.gpu.0.used_memory","metricValue":2336628736,"step":null}},"type":"metric_msg"}
{"payload":{"local_timestamp":1685808421280,"metric":{"epoch":null,"metricName":"sys.cpu.percent.avg","metricValue":98.21666666666668,"step":null}},"type":"metric_msg"}
{"payload":{"local_timestamp":1685808421280,"metric":{"epoch":null,"metricName":"sys.compute.overall","metricValue":98.2,"step":null}},"type":"metric_msg"}
{"payload":{"local_timestamp":1685808421280,"metric":{"epoch":null,"metricName":"sys.compute.utilized","metricValue":0.0,"step":null}},"type":"metric_msg"}
{"payload":{"local_timestamp":1685808421280,"metric":{"epoch":null,"metricName":"sys.load.avg","metricValue":13.32,"step":null}},"type":"metric_msg"}
{"payload":{"local_timestamp":1685808421280,"metric":{"epoch":null,"metricName":"sys.ram.total","metricValue":17106575360,"step":null}},"type":"metric_msg"}
{"payload":{"local_timestamp":1685808421280,"metric":{"epoch":null,"metricName":"sys.ram.used","metricValue":14551519232,"step":null}},"type":"metric_msg"}
{"payload":{"local_timestamp":1685808479493,"metric":{"epoch":null,"metricName":"sys.gpu.0.free_memory","metricValue":1644257280,"step":null}},"type":"metric_msg"}
{"payload":{"local_timestamp":1685808479494,"metric":{"epoch":null,"metricName":"sys.gpu.0.gpu_utilization","metricValue":29,"step":null}},"type":"metric_msg"}
{"payload":{"local_timestamp":1685808479494,"metric":{"epoch":null,"metricName":"sys.gpu.0.power_usage","metricValue":26125,"step":null}},"type":"metric_msg"}
{"payload":{"local_timestamp":1685808479494,"metric":{"epoch":null,"metricName":"sys.gpu.0.temperature","metricValue":47,"step":null}},"type":"metric_msg"}
{"payload":{"local_timestamp":1685808479494,"metric":{"epoch":null,"metricName":"sys.gpu.0.used_memory","metricValue":2650710016,"step":null}},"type":"metric_msg"}
{"payload":{"local_timestamp":1685808482093,"metric":{"epoch":null,"metricName":"sys.cpu.percent.avg","metricValue":100.0,"step":null}},"type":"metric_msg"}
{"payload":{"local_timestamp":1685808482093,"metric":{"epoch":null,"metricName":"sys.compute.overall","metricValue":100.0,"step":null}},"type":"metric_msg"}
{"payload":{"local_timestamp":1685808482093,"metric":{"epoch":null,"metricName":"sys.compute.utilized","metricValue":0.0,"step":null}},"type":"metric_msg"}
{"payload":{"local_timestamp":1685808482093,"metric":{"epoch":null,"metricName":"sys.load.avg","metricValue":13.19,"step":null}},"type":"metric_msg"}
{"payload":{"local_timestamp":1685808482093,"metric":{"epoch":null,"metricName":"sys.ram.total","metricValue":17106575360,"step":null}},"type":"metric_msg"}
{"payload":{"local_timestamp":1685808482093,"metric":{"epoch":null,"metricName":"sys.ram.used","metricValue":15993860096,"step":null}},"type":"metric_msg"}
{"payload":{"local_timestamp":1685808539979,"metric":{"epoch":null,"metricName":"sys.gpu.0.free_memory","metricValue":1836032000,"step":null}},"type":"metric_msg"}
{"payload":{"local_timestamp":1685808539979,"metric":{"epoch":null,"metricName":"sys.gpu.0.gpu_utilization","metricValue":34,"step":null}},"type":"metric_msg"}
{"payload":{"local_timestamp":1685808539979,"metric":{"epoch":null,"metricName":"sys.gpu.0.power_usage","metricValue":26909,"step":null}},"type":"metric_msg"}
{"payload":{"local_timestamp":1685808539979,"metric":{"epoch":null,"metricName":"sys.gpu.0.temperature","metricValue":47,"step":null}},"type":"metric_msg"}
{"payload":{"local_timestamp":1685808539979,"metric":{"epoch":null,"metricName":"sys.gpu.0.used_memory","metricValue":2458935296,"step":null}},"type":"metric_msg"}
{"payload":{"local_timestamp":1685808542668,"metric":{"epoch":null,"metricName":"sys.cpu.percent.avg","metricValue":99.36666666666667,"step":null}},"type":"metric_msg"}
{"payload":{"local_timestamp":1685808542668,"metric":{"epoch":null,"metricName":"sys.compute.overall","metricValue":99.4,"step":null}},"type":"metric_msg"}
{"payload":{"local_timestamp":1685808542668,"metric":{"epoch":null,"metricName":"sys.compute.utilized","metricValue":0.0,"step":null}},"type":"metric_msg"}
{"payload":{"local_timestamp":1685808542668,"metric":{"epoch":null,"metricName":"sys.load.avg","metricValue":19.09,"step":null}},"type":"metric_msg"}
{"payload":{"local_timestamp":1685808542668,"metric":{"epoch":null,"metricName":"sys.ram.total","metricValue":17106575360,"step":null}},"type":"metric_msg"}
{"payload":{"local_timestamp":1685808542668,"metric":{"epoch":null,"metricName":"sys.ram.used","metricValue":12495409152,"step":null}},"type":"metric_msg"}
{"payload":{"local_timestamp":1685808600326,"metric":{"epoch":null,"metricName":"sys.gpu.0.free_memory","metricValue":1823514624,"step":null}},"type":"metric_msg"}
{"payload":{"local_timestamp":1685808600326,"metric":{"epoch":null,"metricName":"sys.gpu.0.gpu_utilization","metricValue":31,"step":null}},"type":"metric_msg"}
{"payload":{"local_timestamp":1685808600326,"metric":{"epoch":null,"metricName":"sys.gpu.0.power_usage","metricValue":26937,"step":null}},"type":"metric_msg"}
{"payload":{"local_timestamp":1685808600326,"metric":{"epoch":null,"metricName":"sys.gpu.0.temperature","metricValue":47,"step":null}},"type":"metric_msg"}
{"payload":{"local_timestamp":1685808600326,"metric":{"epoch":null,"metricName":"sys.gpu.0.used_memory","metricValue":2471452672,"step":null}},"type":"metric_msg"}
{"payload":{"local_timestamp":1685808603357,"metric":{"epoch":null,"metricName":"sys.cpu.percent.avg","metricValue":99.93333333333334,"step":null}},"type":"metric_msg"}
{"payload":{"local_timestamp":1685808603357,"metric":{"epoch":null,"metricName":"sys.compute.overall","metricValue":99.9,"step":null}},"type":"metric_msg"}
{"payload":{"local_timestamp":1685808603357,"metric":{"epoch":null,"metricName":"sys.compute.utilized","metricValue":0.0,"step":null}},"type":"metric_msg"}
{"payload":{"local_timestamp":1685808603357,"metric":{"epoch":null,"metricName":"sys.load.avg","metricValue":16.65,"step":null}},"type":"metric_msg"}
{"payload":{"local_timestamp":1685808603357,"metric":{"epoch":null,"metricName":"sys.ram.total","metricValue":17106575360,"step":null}},"type":"metric_msg"}
{"payload":{"local_timestamp":1685808603357,"metric":{"epoch":null,"metricName":"sys.ram.used","metricValue":15290286080,"step":null}},"type":"metric_msg"}
{"payload":{"local_timestamp":1685808660743,"metric":{"epoch":null,"metricName":"sys.gpu.0.free_memory","metricValue":1816109056,"step":null}},"type":"metric_msg"}
{"payload":{"local_timestamp":1685808660743,"metric":{"epoch":null,"metricName":"sys.gpu.0.gpu_utilization","metricValue":34,"step":null}},"type":"metric_msg"}
{"payload":{"local_timestamp":1685808660743,"metric":{"epoch":null,"metricName":"sys.gpu.0.power_usage","metricValue":26849,"step":null}},"type":"metric_msg"}
{"payload":{"local_timestamp":1685808660743,"metric":{"epoch":null,"metricName":"sys.gpu.0.temperature","metricValue":47,"step":null}},"type":"metric_msg"}
{"payload":{"local_timestamp":1685808660743,"metric":{"epoch":null,"metricName":"sys.gpu.0.used_memory","metricValue":2478858240,"step":null}},"type":"metric_msg"}
{"payload":{"local_timestamp":1685808664161,"metric":{"epoch":null,"metricName":"sys.cpu.percent.avg","metricValue":100.0,"step":null}},"type":"metric_msg"}
{"payload":{"local_timestamp":1685808664161,"metric":{"epoch":null,"metricName":"sys.compute.overall","metricValue":100.0,"step":null}},"type":"metric_msg"}
{"payload":{"local_timestamp":1685808664161,"metric":{"epoch":null,"metricName":"sys.compute.utilized","metricValue":0.0,"step":null}},"type":"metric_msg"}
{"payload":{"local_timestamp":1685808664161,"metric":{"epoch":null,"metricName":"sys.load.avg","metricValue":14.29,"step":null}},"type":"metric_msg"}
{"payload":{"local_timestamp":1685808664161,"metric":{"epoch":null,"metricName":"sys.ram.total","metricValue":17106575360,"step":null}},"type":"metric_msg"}
{"payload":{"local_timestamp":1685808664161,"metric":{"epoch":null,"metricName":"sys.ram.used","metricValue":12065099776,"step":null}},"type":"metric_msg"}
{"payload":{"local_timestamp":1685808721505,"metric":{"epoch":null,"metricName":"sys.gpu.0.free_memory","metricValue":1895481344,"step":null}},"type":"metric_msg"}
{"payload":{"local_timestamp":1685808721505,"metric":{"epoch":null,"metricName":"sys.gpu.0.gpu_utilization","metricValue":34,"step":null}},"type":"metric_msg"}
{"payload":{"local_timestamp":1685808721505,"metric":{"epoch":null,"metricName":"sys.gpu.0.power_usage","metricValue":26888,"step":null}},"type":"metric_msg"}
{"payload":{"local_timestamp":1685808721505,"metric":{"epoch":null,"metricName":"sys.gpu.0.temperature","metricValue":47,"step":null}},"type":"metric_msg"}
{"payload":{"local_timestamp":1685808721505,"metric":{"epoch":null,"metricName":"sys.gpu.0.used_memory","metricValue":2399485952,"step":null}},"type":"metric_msg"}
{"payload":{"local_timestamp":1685808724964,"metric":{"epoch":null,"metricName":"sys.cpu.percent.avg","metricValue":99.53333333333335,"step":null}},"type":"metric_msg"}
{"payload":{"local_timestamp":1685808724964,"metric":{"epoch":null,"metricName":"sys.compute.overall","metricValue":99.5,"step":null}},"type":"metric_msg"}
{"payload":{"local_timestamp":1685808724964,"metric":{"epoch":null,"metricName":"sys.compute.utilized","metricValue":0.0,"step":null}},"type":"metric_msg"}
{"payload":{"local_timestamp":1685808724964,"metric":{"epoch":null,"metricName":"sys.load.avg","metricValue":12.73,"step":null}},"type":"metric_msg"}
{"payload":{"local_timestamp":1685808724964,"metric":{"epoch":null,"metricName":"sys.ram.total","metricValue":17106575360,"step":null}},"type":"metric_msg"}
{"payload":{"local_timestamp":1685808724964,"metric":{"epoch":null,"metricName":"sys.ram.used","metricValue":11894702080,"step":null}},"type":"metric_msg"}
{"payload":{"local_timestamp":1685808730371,"output":"\u001b[1;38;5;39mCOMET INFO:\u001b[0m ---------------------------------------------------------------------------------------\n","stderr":true},"type":"standard_output"}
{"payload":{"local_timestamp":1685808730383,"output":"\u001b[1;38;5;39mCOMET INFO:\u001b[0m Comet.ml Experiment Summary\n","stderr":true},"type":"standard_output"}
{"payload":{"local_timestamp":1685808730384,"output":"\u001b[1;38;5;39mCOMET INFO:\u001b[0m ---------------------------------------------------------------------------------------\n","stderr":true},"type":"standard_output"}
{"payload":{"local_timestamp":1685808730388,"output":"\u001b[1;38;5;39mCOMET INFO:\u001b[0m   Data:\n","stderr":true},"type":"standard_output"}
{"payload":{"local_timestamp":1685808730390,"output":"\u001b[1;38;5;39mCOMET INFO:\u001b[0m     display_summary_level : 1\n","stderr":true},"type":"standard_output"}
{"payload":{"local_timestamp":1685808730393,"output":"\u001b[1;38;5;39mCOMET INFO:\u001b[0m     url                   : \u001b[38;5;39mhttps://www.comet.com/eskortz/general/12c8e9822c784c4aaf195ec4b4bbe9b5\u001b[0m\n","stderr":true},"type":"standard_output"}
{"payload":{"local_timestamp":1685808730397,"output":"\u001b[1;38;5;39mCOMET INFO:\u001b[0m   Uploads:\n","stderr":true},"type":"standard_output"}
{"payload":{"local_timestamp":1685808730400,"output":"\u001b[1;38;5;39mCOMET INFO:\u001b[0m     environment details      : 1\n","stderr":true},"type":"standard_output"}
{"payload":{"local_timestamp":1685808730403,"output":"\u001b[1;38;5;39mCOMET INFO:\u001b[0m     filename                 : 1\n","stderr":true},"type":"standard_output"}
{"payload":{"local_timestamp":1685808730405,"output":"\u001b[1;38;5;39mCOMET INFO:\u001b[0m     git metadata             : 1\n","stderr":true},"type":"standard_output"}
{"payload":{"local_timestamp":1685808730410,"output":"\u001b[1;38;5;39mCOMET INFO:\u001b[0m     git-patch (uncompressed) : 1 (6.14 KB)\n","stderr":true},"type":"standard_output"}
{"payload":{"local_timestamp":1685808730413,"output":"\u001b[1;38;5;39mCOMET INFO:\u001b[0m     installed packages       : 1\n","stderr":true},"type":"standard_output"}
{"payload":{"local_timestamp":1685808730483,"output":"\u001b[1;38;5;39mCOMET INFO:\u001b[0m     source_code              : 2 (67.62 KB)\n","stderr":true},"type":"standard_output"}
{"payload":{"local_timestamp":1685808730487,"output":"\u001b[1;38;5;39mCOMET INFO:\u001b[0m \n","stderr":true},"type":"standard_output"}
