{"payload":{"file_name":"C:\\Users\\user\\Desktop\\yolov5\\train.py"},"type":"file_name"}
{"payload":{"additional_params":{"assetId":"d9e105df6d244fdab374bd19f9282118","context":null,"extension":"py","fileName":"C:\\Users\\user\\Desktop\\yolov5\\train.py","overwrite":false,"runId":"CMFJNtW01onEMsv1XkUPPvtzS","step":null,"type":"source_code"},"clean":true,"file_path":"tmp5xfvlsbp","local_timestamp":1685808107782,"metadata":{"source_code_type":"experiment_creation"},"upload_type":"source_code"},"type":"file_upload"}
{"payload":{"additional_params":{"assetId":"654e5fe8842c409f8f263a240de11bf7","context":null,"extension":"py","fileName":"C:\\Users\\user\\Desktop\\yolov5\\train.py","overwrite":false,"runId":"CMFJNtW01onEMsv1XkUPPvtzS","step":null,"type":"source_code"},"clean":true,"file_path":"tmpr5_8skpy","local_timestamp":1685808107785,"metadata":{"source_code_type":"python_script_name"},"upload_type":"source_code"},"type":"file_upload"}
{"payload":{"installed_packages":["attrs==23.1.0","certifi==2022.9.24","charset-normalizer==2.1.1","colorama==0.4.6","comet-ml==3.33.3","configobj==5.0.8","contourpy==1.0.7","cycler==0.11.0","dulwich==0.21.5","everett==3.1.0","filelock==3.12.0","fonttools==4.39.4","gitdb==4.0.10","gitpython==3.1.31","idna==3.4","jinja2==3.1.2","jsonschema==4.17.3","kiwisolver==1.4.4","markdown-it-py==2.2.0","markupsafe==2.1.3","matplotlib==3.7.1","mdurl==0.1.2","mpmath==1.3.0","mysql-connector-python==8.0.32","networkx==3.1","numpy==1.23.5","opencv-python==4.7.0.72","packaging==23.1","pandas==1.5.2","pillow==9.5.0","pip==23.1.2","psutil==5.9.5","pycoingecko==3.1.0","pygments==2.15.1","pyparsing==3.0.9","pyrsistent==0.19.3","python-box==6.1.0","python-dateutil==2.8.2","pytz==2022.6","pyyaml==6.0","requests-toolbelt==1.0.0","requests==2.28.1","rich==13.4.1","scipy==1.10.1","seaborn==0.12.2","semantic-version==2.10.0","sentry-sdk==1.25.0","setuptools==67.8.0","simplejson==3.19.1","six==1.16.0","smmap==5.0.0","sympy==1.12","thop==0.1.1.post2209072238","torch==2.0.1","torchvision==0.15.2","tqdm==4.65.0","typing-extensions==4.6.3","ultralytics==8.0.112","urllib3==1.26.13","websocket-client==1.3.3","wrapt==1.15.0","wurlitzer==3.0.3"]},"type":"installed_packages"}
{"payload":{"command":["C:\\Users\\user\\Desktop\\yolov5\\train.py","--img","640","--epochs","3","--data","coco128.yaml","--bbox_interval","1","--weights","yolov5s.pt"],"env":null,"hostname":"WIN-3H6PK9E5G9N","ip":"172.31.1.203","machine":"AMD64","os":"Windows-10-10.0.19044-SP0","os_release":"10","os_type":"Windows","pid":18368,"processor":"AMD64 Family 23 Model 113 Stepping 0, AuthenticAMD","python_exe":"C:\\Users\\user\\AppData\\Local\\Programs\\Python\\Python311\\python.exe","python_version":"3.11.0","python_version_verbose":"3.11.0 (main, Oct 24 2022, 18:26:48) [MSC v.1933 64 bit (AMD64)]","user":"user"},"type":"system_details"}
{"payload":{"gpu_static_info":[{"gpu_index":0,"name":"NVIDIA GeForce GTX 1650 SUPER","power_limit":100000,"total_memory":4294967296,"uuid":"GPU-4030928e-2422-47fe-2372-9cdf43506c71"}]},"type":"gpu_static_info"}
{"payload":{"local_timestamp":1685808107835,"metric":{"epoch":null,"metricName":"sys.gpu.0.total_memory","metricValue":4294967296,"step":null}},"type":"metric_msg"}
{"payload":{"local_timestamp":1685808107847,"param":{"paramName":"img","paramValue":640,"source":"cli","step":null}},"type":"parameter_msg"}
{"payload":{"local_timestamp":1685808107847,"param":{"paramName":"epochs","paramValue":3,"source":"cli","step":null}},"type":"parameter_msg"}
{"payload":{"local_timestamp":1685808107847,"param":{"paramName":"data","paramValue":"coco128.yaml","source":"cli","step":null}},"type":"parameter_msg"}
{"payload":{"local_timestamp":1685808107847,"param":{"paramName":"bbox_interval","paramValue":1,"source":"cli","step":null}},"type":"parameter_msg"}
{"payload":{"local_timestamp":1685808107847,"param":{"paramName":"weights","paramValue":"yolov5s.pt","source":"cli","step":null}},"type":"parameter_msg"}
{"payload":{"local_timestamp":1685808107853,"metric":{"epoch":null,"metricName":"sys.gpu.0.free_memory","metricValue":1906843648,"step":null}},"type":"metric_msg"}
{"payload":{"local_timestamp":1685808107853,"metric":{"epoch":null,"metricName":"sys.gpu.0.gpu_utilization","metricValue":30,"step":null}},"type":"metric_msg"}
{"payload":{"local_timestamp":1685808107853,"metric":{"epoch":null,"metricName":"sys.gpu.0.power_usage","metricValue":26405,"step":null}},"type":"metric_msg"}
{"payload":{"local_timestamp":1685808107853,"metric":{"epoch":null,"metricName":"sys.gpu.0.temperature","metricValue":46,"step":null}},"type":"metric_msg"}
{"payload":{"local_timestamp":1685808107853,"metric":{"epoch":null,"metricName":"sys.gpu.0.used_memory","metricValue":2388123648,"step":null}},"type":"metric_msg"}
{"payload":{"local_timestamp":1685808108389,"metric":{"epoch":null,"metricName":"sys.cpu.percent.avg","metricValue":52.616666666666674,"step":null}},"type":"metric_msg"}
{"payload":{"local_timestamp":1685808108389,"metric":{"epoch":null,"metricName":"sys.compute.overall","metricValue":52.6,"step":null}},"type":"metric_msg"}
{"payload":{"local_timestamp":1685808108389,"metric":{"epoch":null,"metricName":"sys.compute.utilized","metricValue":100.0,"step":null}},"type":"metric_msg"}
{"payload":{"local_timestamp":1685808108389,"metric":{"epoch":null,"metricName":"sys.load.avg","metricValue":0.0,"step":null}},"type":"metric_msg"}
{"payload":{"local_timestamp":1685808108389,"metric":{"epoch":null,"metricName":"sys.ram.total","metricValue":17106575360,"step":null}},"type":"metric_msg"}
{"payload":{"local_timestamp":1685808108390,"metric":{"epoch":null,"metricName":"sys.ram.used","metricValue":8610082816,"step":null}},"type":"metric_msg"}
{"payload":{"git_metadata":{"branch":"refs/heads/master","origin":"https://github.com/ultralytics/yolov5","parent":"5f11555e0796f9471185a16dc79860c236f656f8","repo_name":"yolov5","root":"1e84a23f38fad9e52b59101e9f1246d93066ed1e","status":null,"user":"eskortz"}},"type":"git_metadata"}
{"payload":{"additional_params":null,"clean":true,"file_path":"tmpa7x5w4sr..zip","local_timestamp":1685808108455,"metadata":{},"upload_type":"git-patch"},"type":"file_upload"}
{"payload":{"local_timestamp":1685808108835,"output":"\u001b[1;38;5;39mCOMET INFO:\u001b[0m Experiment is live on comet.com \u001b[38;5;39mhttps://www.comet.com/eskortz/general/8e773982a12d488db5073138a362ee13\u001b[0m\n\n","stderr":true},"type":"standard_output"}
{"payload":{"local_timestamp":1685808167918,"metric":{"epoch":null,"metricName":"sys.gpu.0.free_memory","metricValue":1944219648,"step":null}},"type":"metric_msg"}
{"payload":{"local_timestamp":1685808167918,"metric":{"epoch":null,"metricName":"sys.gpu.0.gpu_utilization","metricValue":28,"step":null}},"type":"metric_msg"}
{"payload":{"local_timestamp":1685808167918,"metric":{"epoch":null,"metricName":"sys.gpu.0.power_usage","metricValue":26451,"step":null}},"type":"metric_msg"}
{"payload":{"local_timestamp":1685808167918,"metric":{"epoch":null,"metricName":"sys.gpu.0.temperature","metricValue":46,"step":null}},"type":"metric_msg"}
{"payload":{"local_timestamp":1685808167918,"metric":{"epoch":null,"metricName":"sys.gpu.0.used_memory","metricValue":2350747648,"step":null}},"type":"metric_msg"}
{"payload":{"local_timestamp":1685808168844,"metric":{"epoch":null,"metricName":"sys.cpu.percent.avg","metricValue":62.1,"step":null}},"type":"metric_msg"}
{"payload":{"local_timestamp":1685808168844,"metric":{"epoch":null,"metricName":"sys.compute.overall","metricValue":62.1,"step":null}},"type":"metric_msg"}
{"payload":{"local_timestamp":1685808168844,"metric":{"epoch":null,"metricName":"sys.compute.utilized","metricValue":0.0,"step":null}},"type":"metric_msg"}
{"payload":{"local_timestamp":1685808168844,"metric":{"epoch":null,"metricName":"sys.load.avg","metricValue":3.22,"step":null}},"type":"metric_msg"}
{"payload":{"local_timestamp":1685808168844,"metric":{"epoch":null,"metricName":"sys.ram.total","metricValue":17106575360,"step":null}},"type":"metric_msg"}
{"payload":{"local_timestamp":1685808168844,"metric":{"epoch":null,"metricName":"sys.ram.used","metricValue":10630234112,"step":null}},"type":"metric_msg"}
{"payload":{"local_timestamp":1685808228295,"metric":{"epoch":null,"metricName":"sys.gpu.0.free_memory","metricValue":2115776512,"step":null}},"type":"metric_msg"}
{"payload":{"local_timestamp":1685808228295,"metric":{"epoch":null,"metricName":"sys.gpu.0.gpu_utilization","metricValue":32,"step":null}},"type":"metric_msg"}
{"payload":{"local_timestamp":1685808228295,"metric":{"epoch":null,"metricName":"sys.gpu.0.power_usage","metricValue":26593,"step":null}},"type":"metric_msg"}
{"payload":{"local_timestamp":1685808228295,"metric":{"epoch":null,"metricName":"sys.gpu.0.temperature","metricValue":47,"step":null}},"type":"metric_msg"}
{"payload":{"local_timestamp":1685808228296,"metric":{"epoch":null,"metricName":"sys.gpu.0.used_memory","metricValue":2179190784,"step":null}},"type":"metric_msg"}
{"payload":{"local_timestamp":1685808229394,"metric":{"epoch":null,"metricName":"sys.cpu.percent.avg","metricValue":77.00000000000001,"step":null}},"type":"metric_msg"}
{"payload":{"local_timestamp":1685808229394,"metric":{"epoch":null,"metricName":"sys.compute.overall","metricValue":77.0,"step":null}},"type":"metric_msg"}
{"payload":{"local_timestamp":1685808229394,"metric":{"epoch":null,"metricName":"sys.compute.utilized","metricValue":0.0,"step":null}},"type":"metric_msg"}
{"payload":{"local_timestamp":1685808229394,"metric":{"epoch":null,"metricName":"sys.load.avg","metricValue":7.2,"step":null}},"type":"metric_msg"}
{"payload":{"local_timestamp":1685808229394,"metric":{"epoch":null,"metricName":"sys.ram.total","metricValue":17106575360,"step":null}},"type":"metric_msg"}
{"payload":{"local_timestamp":1685808229394,"metric":{"epoch":null,"metricName":"sys.ram.used","metricValue":13753073664,"step":null}},"type":"metric_msg"}
{"payload":{"local_timestamp":1685808288766,"metric":{"epoch":null,"metricName":"sys.gpu.0.free_memory","metricValue":2117021696,"step":null}},"type":"metric_msg"}
{"payload":{"local_timestamp":1685808288767,"metric":{"epoch":null,"metricName":"sys.gpu.0.gpu_utilization","metricValue":32,"step":null}},"type":"metric_msg"}
{"payload":{"local_timestamp":1685808288767,"metric":{"epoch":null,"metricName":"sys.gpu.0.power_usage","metricValue":26791,"step":null}},"type":"metric_msg"}
{"payload":{"local_timestamp":1685808288767,"metric":{"epoch":null,"metricName":"sys.gpu.0.temperature","metricValue":47,"step":null}},"type":"metric_msg"}
{"payload":{"local_timestamp":1685808288767,"metric":{"epoch":null,"metricName":"sys.gpu.0.used_memory","metricValue":2177945600,"step":null}},"type":"metric_msg"}
{"payload":{"local_timestamp":1685808290110,"metric":{"epoch":null,"metricName":"sys.cpu.percent.avg","metricValue":99.61666666666667,"step":null}},"type":"metric_msg"}
{"payload":{"local_timestamp":1685808290110,"metric":{"epoch":null,"metricName":"sys.compute.overall","metricValue":99.6,"step":null}},"type":"metric_msg"}
{"payload":{"local_timestamp":1685808290110,"metric":{"epoch":null,"metricName":"sys.compute.utilized","metricValue":0.0,"step":null}},"type":"metric_msg"}
{"payload":{"local_timestamp":1685808290110,"metric":{"epoch":null,"metricName":"sys.load.avg","metricValue":12.4,"step":null}},"type":"metric_msg"}
{"payload":{"local_timestamp":1685808290110,"metric":{"epoch":null,"metricName":"sys.ram.total","metricValue":17106575360,"step":null}},"type":"metric_msg"}
{"payload":{"local_timestamp":1685808290110,"metric":{"epoch":null,"metricName":"sys.ram.used","metricValue":12882935808,"step":null}},"type":"metric_msg"}
{"payload":{"local_timestamp":1685808349130,"metric":{"epoch":null,"metricName":"sys.gpu.0.free_memory","metricValue":2154704896,"step":null}},"type":"metric_msg"}
{"payload":{"local_timestamp":1685808349130,"metric":{"epoch":null,"metricName":"sys.gpu.0.gpu_utilization","metricValue":38,"step":null}},"type":"metric_msg"}
{"payload":{"local_timestamp":1685808349130,"metric":{"epoch":null,"metricName":"sys.gpu.0.power_usage","metricValue":26171,"step":null}},"type":"metric_msg"}
{"payload":{"local_timestamp":1685808349130,"metric":{"epoch":null,"metricName":"sys.gpu.0.temperature","metricValue":47,"step":null}},"type":"metric_msg"}
{"payload":{"local_timestamp":1685808349130,"metric":{"epoch":null,"metricName":"sys.gpu.0.used_memory","metricValue":2140262400,"step":null}},"type":"metric_msg"}
{"payload":{"local_timestamp":1685808350956,"metric":{"epoch":null,"metricName":"sys.cpu.percent.avg","metricValue":99.25,"step":null}},"type":"metric_msg"}
{"payload":{"local_timestamp":1685808350956,"metric":{"epoch":null,"metricName":"sys.compute.overall","metricValue":99.2,"step":null}},"type":"metric_msg"}
{"payload":{"local_timestamp":1685808350956,"metric":{"epoch":null,"metricName":"sys.compute.utilized","metricValue":0.0,"step":null}},"type":"metric_msg"}
{"payload":{"local_timestamp":1685808350956,"metric":{"epoch":null,"metricName":"sys.load.avg","metricValue":16.49,"step":null}},"type":"metric_msg"}
{"payload":{"local_timestamp":1685808350956,"metric":{"epoch":null,"metricName":"sys.ram.total","metricValue":17106575360,"step":null}},"type":"metric_msg"}
{"payload":{"local_timestamp":1685808350956,"metric":{"epoch":null,"metricName":"sys.ram.used","metricValue":12239003648,"step":null}},"type":"metric_msg"}
{"payload":{"local_timestamp":1685808396571,"output":"\u001b[1;38;5;196mCOMET ERROR:\u001b[0m Heartbeat processing error\n","stderr":true},"type":"standard_output"}
{"payload":{"local_timestamp":1685808409551,"metric":{"epoch":null,"metricName":"sys.gpu.0.free_memory","metricValue":1943789568,"step":null}},"type":"metric_msg"}
{"payload":{"local_timestamp":1685808409551,"metric":{"epoch":null,"metricName":"sys.gpu.0.gpu_utilization","metricValue":36,"step":null}},"type":"metric_msg"}
{"payload":{"local_timestamp":1685808409551,"metric":{"epoch":null,"metricName":"sys.gpu.0.power_usage","metricValue":26846,"step":null}},"type":"metric_msg"}
{"payload":{"local_timestamp":1685808409551,"metric":{"epoch":null,"metricName":"sys.gpu.0.temperature","metricValue":47,"step":null}},"type":"metric_msg"}
{"payload":{"local_timestamp":1685808409551,"metric":{"epoch":null,"metricName":"sys.gpu.0.used_memory","metricValue":2351177728,"step":null}},"type":"metric_msg"}
{"payload":{"local_timestamp":1685808411628,"metric":{"epoch":null,"metricName":"sys.cpu.percent.avg","metricValue":97.33333333333333,"step":null}},"type":"metric_msg"}
{"payload":{"local_timestamp":1685808411628,"metric":{"epoch":null,"metricName":"sys.compute.overall","metricValue":97.3,"step":null}},"type":"metric_msg"}
{"payload":{"local_timestamp":1685808411628,"metric":{"epoch":null,"metricName":"sys.compute.utilized","metricValue":0.0,"step":null}},"type":"metric_msg"}
{"payload":{"local_timestamp":1685808411628,"metric":{"epoch":null,"metricName":"sys.load.avg","metricValue":14.15,"step":null}},"type":"metric_msg"}
{"payload":{"local_timestamp":1685808411628,"metric":{"epoch":null,"metricName":"sys.ram.total","metricValue":17106575360,"step":null}},"type":"metric_msg"}
{"payload":{"local_timestamp":1685808411628,"metric":{"epoch":null,"metricName":"sys.ram.used","metricValue":14765563904,"step":null}},"type":"metric_msg"}
{"payload":{"local_timestamp":1685808470018,"metric":{"epoch":null,"metricName":"sys.gpu.0.free_memory","metricValue":1661493248,"step":null}},"type":"metric_msg"}
{"payload":{"local_timestamp":1685808470018,"metric":{"epoch":null,"metricName":"sys.gpu.0.gpu_utilization","metricValue":31,"step":null}},"type":"metric_msg"}
{"payload":{"local_timestamp":1685808470018,"metric":{"epoch":null,"metricName":"sys.gpu.0.power_usage","metricValue":26552,"step":null}},"type":"metric_msg"}
{"payload":{"local_timestamp":1685808470018,"metric":{"epoch":null,"metricName":"sys.gpu.0.temperature","metricValue":47,"step":null}},"type":"metric_msg"}
{"payload":{"local_timestamp":1685808470018,"metric":{"epoch":null,"metricName":"sys.gpu.0.used_memory","metricValue":2633474048,"step":null}},"type":"metric_msg"}
{"payload":{"local_timestamp":1685808472336,"metric":{"epoch":null,"metricName":"sys.cpu.percent.avg","metricValue":100.0,"step":null}},"type":"metric_msg"}
{"payload":{"local_timestamp":1685808472336,"metric":{"epoch":null,"metricName":"sys.compute.overall","metricValue":100.0,"step":null}},"type":"metric_msg"}
{"payload":{"local_timestamp":1685808472336,"metric":{"epoch":null,"metricName":"sys.compute.utilized","metricValue":0.0,"step":null}},"type":"metric_msg"}
{"payload":{"local_timestamp":1685808472336,"metric":{"epoch":null,"metricName":"sys.load.avg","metricValue":12.46,"step":null}},"type":"metric_msg"}
{"payload":{"local_timestamp":1685808472336,"metric":{"epoch":null,"metricName":"sys.ram.total","metricValue":17106575360,"step":null}},"type":"metric_msg"}
{"payload":{"local_timestamp":1685808472336,"metric":{"epoch":null,"metricName":"sys.ram.used","metricValue":13435650048,"step":null}},"type":"metric_msg"}
{"payload":{"local_timestamp":1685808530307,"metric":{"epoch":null,"metricName":"sys.gpu.0.free_memory","metricValue":1679720448,"step":null}},"type":"metric_msg"}
{"payload":{"local_timestamp":1685808530307,"metric":{"epoch":null,"metricName":"sys.gpu.0.gpu_utilization","metricValue":28,"step":null}},"type":"metric_msg"}
{"payload":{"local_timestamp":1685808530307,"metric":{"epoch":null,"metricName":"sys.gpu.0.power_usage","metricValue":26388,"step":null}},"type":"metric_msg"}
{"payload":{"local_timestamp":1685808530307,"metric":{"epoch":null,"metricName":"sys.gpu.0.temperature","metricValue":47,"step":null}},"type":"metric_msg"}
{"payload":{"local_timestamp":1685808530307,"metric":{"epoch":null,"metricName":"sys.gpu.0.used_memory","metricValue":2615246848,"step":null}},"type":"metric_msg"}
{"payload":{"local_timestamp":1685808533096,"metric":{"epoch":null,"metricName":"sys.cpu.percent.avg","metricValue":99.39999999999999,"step":null}},"type":"metric_msg"}
{"payload":{"local_timestamp":1685808533097,"metric":{"epoch":null,"metricName":"sys.compute.overall","metricValue":99.4,"step":null}},"type":"metric_msg"}
{"payload":{"local_timestamp":1685808533097,"metric":{"epoch":null,"metricName":"sys.compute.utilized","metricValue":0.0,"step":null}},"type":"metric_msg"}
{"payload":{"local_timestamp":1685808533097,"metric":{"epoch":null,"metricName":"sys.load.avg","metricValue":14.72,"step":null}},"type":"metric_msg"}
{"payload":{"local_timestamp":1685808533097,"metric":{"epoch":null,"metricName":"sys.ram.total","metricValue":17106575360,"step":null}},"type":"metric_msg"}
{"payload":{"local_timestamp":1685808533097,"metric":{"epoch":null,"metricName":"sys.ram.used","metricValue":12168671232,"step":null}},"type":"metric_msg"}
{"payload":{"local_timestamp":1685808590709,"metric":{"epoch":null,"metricName":"sys.gpu.0.free_memory","metricValue":1832230912,"step":null}},"type":"metric_msg"}
{"payload":{"local_timestamp":1685808590709,"metric":{"epoch":null,"metricName":"sys.gpu.0.gpu_utilization","metricValue":36,"step":null}},"type":"metric_msg"}
{"payload":{"local_timestamp":1685808590709,"metric":{"epoch":null,"metricName":"sys.gpu.0.power_usage","metricValue":26646,"step":null}},"type":"metric_msg"}
{"payload":{"local_timestamp":1685808590709,"metric":{"epoch":null,"metricName":"sys.gpu.0.temperature","metricValue":47,"step":null}},"type":"metric_msg"}
{"payload":{"local_timestamp":1685808590709,"metric":{"epoch":null,"metricName":"sys.gpu.0.used_memory","metricValue":2462736384,"step":null}},"type":"metric_msg"}
{"payload":{"local_timestamp":1685808593629,"metric":{"epoch":null,"metricName":"sys.cpu.percent.avg","metricValue":99.88333333333333,"step":null}},"type":"metric_msg"}
{"payload":{"local_timestamp":1685808593629,"metric":{"epoch":null,"metricName":"sys.compute.overall","metricValue":99.9,"step":null}},"type":"metric_msg"}
{"payload":{"local_timestamp":1685808593629,"metric":{"epoch":null,"metricName":"sys.compute.utilized","metricValue":0.0,"step":null}},"type":"metric_msg"}
{"payload":{"local_timestamp":1685808593629,"metric":{"epoch":null,"metricName":"sys.load.avg","metricValue":15.64,"step":null}},"type":"metric_msg"}
{"payload":{"local_timestamp":1685808593629,"metric":{"epoch":null,"metricName":"sys.ram.total","metricValue":17106575360,"step":null}},"type":"metric_msg"}
{"payload":{"local_timestamp":1685808593629,"metric":{"epoch":null,"metricName":"sys.ram.used","metricValue":14878990336,"step":null}},"type":"metric_msg"}
{"payload":{"local_timestamp":1685808651161,"metric":{"epoch":null,"metricName":"sys.gpu.0.free_memory","metricValue":1816240128,"step":null}},"type":"metric_msg"}
{"payload":{"local_timestamp":1685808651161,"metric":{"epoch":null,"metricName":"sys.gpu.0.gpu_utilization","metricValue":29,"step":null}},"type":"metric_msg"}
{"payload":{"local_timestamp":1685808651161,"metric":{"epoch":null,"metricName":"sys.gpu.0.power_usage","metricValue":27824,"step":null}},"type":"metric_msg"}
{"payload":{"local_timestamp":1685808651161,"metric":{"epoch":null,"metricName":"sys.gpu.0.temperature","metricValue":47,"step":null}},"type":"metric_msg"}
{"payload":{"local_timestamp":1685808651161,"metric":{"epoch":null,"metricName":"sys.gpu.0.used_memory","metricValue":2478727168,"step":null}},"type":"metric_msg"}
{"payload":{"local_timestamp":1685808654310,"metric":{"epoch":null,"metricName":"sys.cpu.percent.avg","metricValue":100.0,"step":null}},"type":"metric_msg"}
{"payload":{"local_timestamp":1685808654311,"metric":{"epoch":null,"metricName":"sys.compute.overall","metricValue":100.0,"step":null}},"type":"metric_msg"}
{"payload":{"local_timestamp":1685808654311,"metric":{"epoch":null,"metricName":"sys.compute.utilized","metricValue":0.0,"step":null}},"type":"metric_msg"}
{"payload":{"local_timestamp":1685808654311,"metric":{"epoch":null,"metricName":"sys.load.avg","metricValue":13.17,"step":null}},"type":"metric_msg"}
{"payload":{"local_timestamp":1685808654311,"metric":{"epoch":null,"metricName":"sys.ram.total","metricValue":17106575360,"step":null}},"type":"metric_msg"}
{"payload":{"local_timestamp":1685808654311,"metric":{"epoch":null,"metricName":"sys.ram.used","metricValue":12583112704,"step":null}},"type":"metric_msg"}
{"payload":{"local_timestamp":1685808711655,"metric":{"epoch":null,"metricName":"sys.gpu.0.free_memory","metricValue":1895481344,"step":null}},"type":"metric_msg"}
{"payload":{"local_timestamp":1685808711655,"metric":{"epoch":null,"metricName":"sys.gpu.0.gpu_utilization","metricValue":31,"step":null}},"type":"metric_msg"}
{"payload":{"local_timestamp":1685808711655,"metric":{"epoch":null,"metricName":"sys.gpu.0.power_usage","metricValue":26790,"step":null}},"type":"metric_msg"}
{"payload":{"local_timestamp":1685808711655,"metric":{"epoch":null,"metricName":"sys.gpu.0.temperature","metricValue":47,"step":null}},"type":"metric_msg"}
{"payload":{"local_timestamp":1685808711655,"metric":{"epoch":null,"metricName":"sys.gpu.0.used_memory","metricValue":2399485952,"step":null}},"type":"metric_msg"}
{"payload":{"local_timestamp":1685808715354,"metric":{"epoch":null,"metricName":"sys.cpu.percent.avg","metricValue":99.7,"step":null}},"type":"metric_msg"}
{"payload":{"local_timestamp":1685808715354,"metric":{"epoch":null,"metricName":"sys.compute.overall","metricValue":99.7,"step":null}},"type":"metric_msg"}
{"payload":{"local_timestamp":1685808715354,"metric":{"epoch":null,"metricName":"sys.compute.utilized","metricValue":0.0,"step":null}},"type":"metric_msg"}
{"payload":{"local_timestamp":1685808715354,"metric":{"epoch":null,"metricName":"sys.load.avg","metricValue":11.7,"step":null}},"type":"metric_msg"}
{"payload":{"local_timestamp":1685808715354,"metric":{"epoch":null,"metricName":"sys.ram.total","metricValue":17106575360,"step":null}},"type":"metric_msg"}
{"payload":{"local_timestamp":1685808715354,"metric":{"epoch":null,"metricName":"sys.ram.used","metricValue":13142016000,"step":null}},"type":"metric_msg"}
{"payload":{"local_timestamp":1685808730378,"output":"\u001b[1;38;5;39mCOMET INFO:\u001b[0m ---------------------------------------------------------------------------------------\n","stderr":true},"type":"standard_output"}
{"payload":{"local_timestamp":1685808730378,"output":"\u001b[1;38;5;39mCOMET INFO:\u001b[0m Comet.ml Experiment Summary\n","stderr":true},"type":"standard_output"}
{"payload":{"local_timestamp":1685808730379,"output":"\u001b[1;38;5;39mCOMET INFO:\u001b[0m ---------------------------------------------------------------------------------------\n","stderr":true},"type":"standard_output"}
{"payload":{"local_timestamp":1685808730379,"output":"\u001b[1;38;5;39mCOMET INFO:\u001b[0m   Data:\n","stderr":true},"type":"standard_output"}
{"payload":{"local_timestamp":1685808730380,"output":"\u001b[1;38;5;39mCOMET INFO:\u001b[0m     display_summary_level : 1\n","stderr":true},"type":"standard_output"}
{"payload":{"local_timestamp":1685808730380,"output":"\u001b[1;38;5;39mCOMET INFO:\u001b[0m     url                   : \u001b[38;5;39mhttps://www.comet.com/eskortz/general/8e773982a12d488db5073138a362ee13\u001b[0m\n","stderr":true},"type":"standard_output"}
{"payload":{"local_timestamp":1685808730380,"output":"\u001b[1;38;5;39mCOMET INFO:\u001b[0m   Uploads:\n","stderr":true},"type":"standard_output"}
{"payload":{"local_timestamp":1685808730380,"output":"\u001b[1;38;5;39mCOMET INFO:\u001b[0m     environment details      : 1\n","stderr":true},"type":"standard_output"}
{"payload":{"local_timestamp":1685808730381,"output":"\u001b[1;38;5;39mCOMET INFO:\u001b[0m     filename                 : 1\n","stderr":true},"type":"standard_output"}
{"payload":{"local_timestamp":1685808730381,"output":"\u001b[1;38;5;39mCOMET INFO:\u001b[0m     git metadata             : 1\n","stderr":true},"type":"standard_output"}
{"payload":{"local_timestamp":1685808730381,"output":"\u001b[1;38;5;39mCOMET INFO:\u001b[0m     git-patch (uncompressed) : 1 (6.14 KB)\n","stderr":true},"type":"standard_output"}
{"payload":{"local_timestamp":1685808730381,"output":"\u001b[1;38;5;39mCOMET INFO:\u001b[0m     installed packages       : 1\n","stderr":true},"type":"standard_output"}
{"payload":{"local_timestamp":1685808730382,"output":"\u001b[1;38;5;39mCOMET INFO:\u001b[0m     source_code              : 2 (67.62 KB)\n","stderr":true},"type":"standard_output"}
{"payload":{"local_timestamp":1685808730382,"output":"\u001b[1;38;5;39mCOMET INFO:\u001b[0m \n","stderr":true},"type":"standard_output"}
