{"payload":{"file_name":"C:\\Users\\user\\Desktop\\yolov5\\train.py"},"type":"file_name"}
{"payload":{"additional_params":{"assetId":"0f85e67b784e412cb6a7330e741425fa","context":null,"extension":"py","fileName":"C:\\Users\\user\\Desktop\\yolov5\\train.py","overwrite":false,"runId":"H4NR50DC0wQ1jVsxziHiiS6MN","step":null,"type":"source_code"},"clean":true,"file_path":"tmpjfvsyt5_","local_timestamp":1685808098918,"metadata":{"source_code_type":"experiment_creation"},"upload_type":"source_code"},"type":"file_upload"}
{"payload":{"additional_params":{"assetId":"65f96e16dd7c4b1c8fb1579108f05371","context":null,"extension":"py","fileName":"C:\\Users\\user\\Desktop\\yolov5\\train.py","overwrite":false,"runId":"H4NR50DC0wQ1jVsxziHiiS6MN","step":null,"type":"source_code"},"clean":true,"file_path":"tmpxfbx7mll","local_timestamp":1685808098922,"metadata":{"source_code_type":"python_script_name"},"upload_type":"source_code"},"type":"file_upload"}
{"payload":{"installed_packages":["attrs==23.1.0","certifi==2022.9.24","charset-normalizer==2.1.1","colorama==0.4.6","comet-ml==3.33.3","configobj==5.0.8","contourpy==1.0.7","cycler==0.11.0","dulwich==0.21.5","everett==3.1.0","filelock==3.12.0","fonttools==4.39.4","gitdb==4.0.10","gitpython==3.1.31","idna==3.4","jinja2==3.1.2","jsonschema==4.17.3","kiwisolver==1.4.4","markdown-it-py==2.2.0","markupsafe==2.1.3","matplotlib==3.7.1","mdurl==0.1.2","mpmath==1.3.0","mysql-connector-python==8.0.32","networkx==3.1","numpy==1.23.5","opencv-python==4.7.0.72","packaging==23.1","pandas==1.5.2","pillow==9.5.0","pip==23.1.2","psutil==5.9.5","pycoingecko==3.1.0","pygments==2.15.1","pyparsing==3.0.9","pyrsistent==0.19.3","python-box==6.1.0","python-dateutil==2.8.2","pytz==2022.6","pyyaml==6.0","requests-toolbelt==1.0.0","requests==2.28.1","rich==13.4.1","scipy==1.10.1","seaborn==0.12.2","semantic-version==2.10.0","sentry-sdk==1.25.0","setuptools==67.8.0","simplejson==3.19.1","six==1.16.0","smmap==5.0.0","sympy==1.12","thop==0.1.1.post2209072238","torch==2.0.1","torchvision==0.15.2","tqdm==4.65.0","typing-extensions==4.6.3","ultralytics==8.0.112","urllib3==1.26.13","websocket-client==1.3.3","wrapt==1.15.0","wurlitzer==3.0.3"]},"type":"installed_packages"}
{"payload":{"command":["C:\\Users\\user\\Desktop\\yolov5\\train.py","--img","640","--epochs","3","--data","coco128.yaml","--bbox_interval","1","--weights","yolov5s.pt"],"env":null,"hostname":"WIN-3H6PK9E5G9N","ip":"172.31.1.203","machine":"AMD64","os":"Windows-10-10.0.19044-SP0","os_release":"10","os_type":"Windows","pid":17820,"processor":"AMD64 Family 23 Model 113 Stepping 0, AuthenticAMD","python_exe":"C:\\Users\\user\\AppData\\Local\\Programs\\Python\\Python311\\python.exe","python_version":"3.11.0","python_version_verbose":"3.11.0 (main, Oct 24 2022, 18:26:48) [MSC v.1933 64 bit (AMD64)]","user":"user"},"type":"system_details"}
{"payload":{"gpu_static_info":[{"gpu_index":0,"name":"NVIDIA GeForce GTX 1650 SUPER","power_limit":100000,"total_memory":4294967296,"uuid":"GPU-4030928e-2422-47fe-2372-9cdf43506c71"}]},"type":"gpu_static_info"}
{"payload":{"local_timestamp":1685808098978,"metric":{"epoch":null,"metricName":"sys.gpu.0.total_memory","metricValue":4294967296,"step":null}},"type":"metric_msg"}
{"payload":{"local_timestamp":1685808098994,"param":{"paramName":"img","paramValue":640,"source":"cli","step":null}},"type":"parameter_msg"}
{"payload":{"local_timestamp":1685808098994,"param":{"paramName":"epochs","paramValue":3,"source":"cli","step":null}},"type":"parameter_msg"}
{"payload":{"local_timestamp":1685808098994,"param":{"paramName":"data","paramValue":"coco128.yaml","source":"cli","step":null}},"type":"parameter_msg"}
{"payload":{"local_timestamp":1685808098994,"param":{"paramName":"bbox_interval","paramValue":1,"source":"cli","step":null}},"type":"parameter_msg"}
{"payload":{"local_timestamp":1685808098994,"param":{"paramName":"weights","paramValue":"yolov5s.pt","source":"cli","step":null}},"type":"parameter_msg"}
{"payload":{"local_timestamp":1685808099004,"metric":{"epoch":null,"metricName":"sys.gpu.0.free_memory","metricValue":1894195200,"step":null}},"type":"metric_msg"}
{"payload":{"local_timestamp":1685808099004,"metric":{"epoch":null,"metricName":"sys.gpu.0.gpu_utilization","metricValue":33,"step":null}},"type":"metric_msg"}
{"payload":{"local_timestamp":1685808099005,"metric":{"epoch":null,"metricName":"sys.gpu.0.power_usage","metricValue":26629,"step":null}},"type":"metric_msg"}
{"payload":{"local_timestamp":1685808099005,"metric":{"epoch":null,"metricName":"sys.gpu.0.temperature","metricValue":46,"step":null}},"type":"metric_msg"}
{"payload":{"local_timestamp":1685808099005,"metric":{"epoch":null,"metricName":"sys.gpu.0.used_memory","metricValue":2400772096,"step":null}},"type":"metric_msg"}
{"payload":{"local_timestamp":1685808099280,"output":"\u001b[1;38;5;39mCOMET INFO:\u001b[0m Experiment is live on comet.com \u001b[38;5;39mhttps://www.comet.com/eskortz/general/d0b978b4d00d479a95ae314f25c0636b\u001b[0m\n\n","stderr":true},"type":"standard_output"}
{"payload":{"local_timestamp":1685808099576,"metric":{"epoch":null,"metricName":"sys.cpu.percent.avg","metricValue":60.26666666666667,"step":null}},"type":"metric_msg"}
{"payload":{"local_timestamp":1685808099577,"metric":{"epoch":null,"metricName":"sys.compute.overall","metricValue":60.3,"step":null}},"type":"metric_msg"}
{"payload":{"local_timestamp":1685808099577,"metric":{"epoch":null,"metricName":"sys.compute.utilized","metricValue":100.0,"step":null}},"type":"metric_msg"}
{"payload":{"local_timestamp":1685808099577,"metric":{"epoch":null,"metricName":"sys.load.avg","metricValue":0.0,"step":null}},"type":"metric_msg"}
{"payload":{"local_timestamp":1685808099577,"metric":{"epoch":null,"metricName":"sys.ram.total","metricValue":17106575360,"step":null}},"type":"metric_msg"}
{"payload":{"local_timestamp":1685808099577,"metric":{"epoch":null,"metricName":"sys.ram.used","metricValue":8440295424,"step":null}},"type":"metric_msg"}
{"payload":{"git_metadata":{"branch":"refs/heads/master","origin":"https://github.com/ultralytics/yolov5","parent":"5f11555e0796f9471185a16dc79860c236f656f8","repo_name":"yolov5","root":"1e84a23f38fad9e52b59101e9f1246d93066ed1e","status":null,"user":"eskortz"}},"type":"git_metadata"}
{"payload":{"additional_params":null,"clean":true,"file_path":"tmp7flviv58..zip","local_timestamp":1685808099764,"metadata":{},"upload_type":"git-patch"},"type":"file_upload"}
{"payload":{"local_timestamp":1685808159109,"metric":{"epoch":null,"metricName":"sys.gpu.0.free_memory","metricValue":1934741504,"step":null}},"type":"metric_msg"}
{"payload":{"local_timestamp":1685808159109,"metric":{"epoch":null,"metricName":"sys.gpu.0.gpu_utilization","metricValue":29,"step":null}},"type":"metric_msg"}
{"payload":{"local_timestamp":1685808159110,"metric":{"epoch":null,"metricName":"sys.gpu.0.power_usage","metricValue":26443,"step":null}},"type":"metric_msg"}
{"payload":{"local_timestamp":1685808159110,"metric":{"epoch":null,"metricName":"sys.gpu.0.temperature","metricValue":46,"step":null}},"type":"metric_msg"}
{"payload":{"local_timestamp":1685808159110,"metric":{"epoch":null,"metricName":"sys.gpu.0.used_memory","metricValue":2360225792,"step":null}},"type":"metric_msg"}
{"payload":{"local_timestamp":1685808159940,"metric":{"epoch":null,"metricName":"sys.cpu.percent.avg","metricValue":62.79999999999999,"step":null}},"type":"metric_msg"}
{"payload":{"local_timestamp":1685808159940,"metric":{"epoch":null,"metricName":"sys.compute.overall","metricValue":62.8,"step":null}},"type":"metric_msg"}
{"payload":{"local_timestamp":1685808159940,"metric":{"epoch":null,"metricName":"sys.compute.utilized","metricValue":0.0,"step":null}},"type":"metric_msg"}
{"payload":{"local_timestamp":1685808159940,"metric":{"epoch":null,"metricName":"sys.load.avg","metricValue":3.95,"step":null}},"type":"metric_msg"}
{"payload":{"local_timestamp":1685808159940,"metric":{"epoch":null,"metricName":"sys.ram.total","metricValue":17106575360,"step":null}},"type":"metric_msg"}
{"payload":{"local_timestamp":1685808159940,"metric":{"epoch":null,"metricName":"sys.ram.used","metricValue":10399821824,"step":null}},"type":"metric_msg"}
{"payload":{"local_timestamp":1685808219261,"metric":{"epoch":null,"metricName":"sys.gpu.0.free_memory","metricValue":2114793472,"step":null}},"type":"metric_msg"}
{"payload":{"local_timestamp":1685808219261,"metric":{"epoch":null,"metricName":"sys.gpu.0.gpu_utilization","metricValue":32,"step":null}},"type":"metric_msg"}
{"payload":{"local_timestamp":1685808219261,"metric":{"epoch":null,"metricName":"sys.gpu.0.power_usage","metricValue":26554,"step":null}},"type":"metric_msg"}
{"payload":{"local_timestamp":1685808219261,"metric":{"epoch":null,"metricName":"sys.gpu.0.temperature","metricValue":46,"step":null}},"type":"metric_msg"}
{"payload":{"local_timestamp":1685808219261,"metric":{"epoch":null,"metricName":"sys.gpu.0.used_memory","metricValue":2180173824,"step":null}},"type":"metric_msg"}
{"payload":{"local_timestamp":1685808220410,"metric":{"epoch":null,"metricName":"sys.cpu.percent.avg","metricValue":70.46666666666668,"step":null}},"type":"metric_msg"}
{"payload":{"local_timestamp":1685808220410,"metric":{"epoch":null,"metricName":"sys.compute.overall","metricValue":70.5,"step":null}},"type":"metric_msg"}
{"payload":{"local_timestamp":1685808220410,"metric":{"epoch":null,"metricName":"sys.compute.utilized","metricValue":0.0,"step":null}},"type":"metric_msg"}
{"payload":{"local_timestamp":1685808220410,"metric":{"epoch":null,"metricName":"sys.load.avg","metricValue":10.45,"step":null}},"type":"metric_msg"}
{"payload":{"local_timestamp":1685808220410,"metric":{"epoch":null,"metricName":"sys.ram.total","metricValue":17106575360,"step":null}},"type":"metric_msg"}
{"payload":{"local_timestamp":1685808220410,"metric":{"epoch":null,"metricName":"sys.ram.used","metricValue":15075995648,"step":null}},"type":"metric_msg"}
{"payload":{"local_timestamp":1685808279592,"metric":{"epoch":null,"metricName":"sys.gpu.0.free_memory","metricValue":2118397952,"step":null}},"type":"metric_msg"}
{"payload":{"local_timestamp":1685808279593,"metric":{"epoch":null,"metricName":"sys.gpu.0.gpu_utilization","metricValue":35,"step":null}},"type":"metric_msg"}
{"payload":{"local_timestamp":1685808279593,"metric":{"epoch":null,"metricName":"sys.gpu.0.power_usage","metricValue":26624,"step":null}},"type":"metric_msg"}
{"payload":{"local_timestamp":1685808279593,"metric":{"epoch":null,"metricName":"sys.gpu.0.temperature","metricValue":47,"step":null}},"type":"metric_msg"}
{"payload":{"local_timestamp":1685808279593,"metric":{"epoch":null,"metricName":"sys.gpu.0.used_memory","metricValue":2176569344,"step":null}},"type":"metric_msg"}
{"payload":{"local_timestamp":1685808281052,"metric":{"epoch":null,"metricName":"sys.cpu.percent.avg","metricValue":99.61666666666667,"step":null}},"type":"metric_msg"}
{"payload":{"local_timestamp":1685808281052,"metric":{"epoch":null,"metricName":"sys.compute.overall","metricValue":99.6,"step":null}},"type":"metric_msg"}
{"payload":{"local_timestamp":1685808281052,"metric":{"epoch":null,"metricName":"sys.compute.utilized","metricValue":0.0,"step":null}},"type":"metric_msg"}
{"payload":{"local_timestamp":1685808281052,"metric":{"epoch":null,"metricName":"sys.load.avg","metricValue":18.77,"step":null}},"type":"metric_msg"}
{"payload":{"local_timestamp":1685808281052,"metric":{"epoch":null,"metricName":"sys.ram.total","metricValue":17106575360,"step":null}},"type":"metric_msg"}
{"payload":{"local_timestamp":1685808281052,"metric":{"epoch":null,"metricName":"sys.ram.used","metricValue":15645171712,"step":null}},"type":"metric_msg"}
{"payload":{"local_timestamp":1685808340003,"metric":{"epoch":null,"metricName":"sys.gpu.0.free_memory","metricValue":2091352064,"step":null}},"type":"metric_msg"}
{"payload":{"local_timestamp":1685808340003,"metric":{"epoch":null,"metricName":"sys.gpu.0.gpu_utilization","metricValue":37,"step":null}},"type":"metric_msg"}
{"payload":{"local_timestamp":1685808340003,"metric":{"epoch":null,"metricName":"sys.gpu.0.power_usage","metricValue":25734,"step":null}},"type":"metric_msg"}
{"payload":{"local_timestamp":1685808340003,"metric":{"epoch":null,"metricName":"sys.gpu.0.temperature","metricValue":47,"step":null}},"type":"metric_msg"}
{"payload":{"local_timestamp":1685808340003,"metric":{"epoch":null,"metricName":"sys.gpu.0.used_memory","metricValue":2203615232,"step":null}},"type":"metric_msg"}
{"payload":{"local_timestamp":1685808341740,"metric":{"epoch":null,"metricName":"sys.cpu.percent.avg","metricValue":100.0,"step":null}},"type":"metric_msg"}
{"payload":{"local_timestamp":1685808341740,"metric":{"epoch":null,"metricName":"sys.compute.overall","metricValue":100.0,"step":null}},"type":"metric_msg"}
{"payload":{"local_timestamp":1685808341740,"metric":{"epoch":null,"metricName":"sys.compute.utilized","metricValue":0.0,"step":null}},"type":"metric_msg"}
{"payload":{"local_timestamp":1685808341740,"metric":{"epoch":null,"metricName":"sys.load.avg","metricValue":18.63,"step":null}},"type":"metric_msg"}
{"payload":{"local_timestamp":1685808341740,"metric":{"epoch":null,"metricName":"sys.ram.total","metricValue":17106575360,"step":null}},"type":"metric_msg"}
{"payload":{"local_timestamp":1685808341740,"metric":{"epoch":null,"metricName":"sys.ram.used","metricValue":11712897024,"step":null}},"type":"metric_msg"}
{"payload":{"local_timestamp":1685808400436,"metric":{"epoch":null,"metricName":"sys.gpu.0.free_memory","metricValue":1980489728,"step":null}},"type":"metric_msg"}
{"payload":{"local_timestamp":1685808400436,"metric":{"epoch":null,"metricName":"sys.gpu.0.gpu_utilization","metricValue":35,"step":null}},"type":"metric_msg"}
{"payload":{"local_timestamp":1685808400436,"metric":{"epoch":null,"metricName":"sys.gpu.0.power_usage","metricValue":27221,"step":null}},"type":"metric_msg"}
{"payload":{"local_timestamp":1685808400436,"metric":{"epoch":null,"metricName":"sys.gpu.0.temperature","metricValue":47,"step":null}},"type":"metric_msg"}
{"payload":{"local_timestamp":1685808400436,"metric":{"epoch":null,"metricName":"sys.gpu.0.used_memory","metricValue":2314477568,"step":null}},"type":"metric_msg"}
{"payload":{"local_timestamp":1685808402365,"metric":{"epoch":null,"metricName":"sys.cpu.percent.avg","metricValue":96.60000000000001,"step":null}},"type":"metric_msg"}
{"payload":{"local_timestamp":1685808402365,"metric":{"epoch":null,"metricName":"sys.compute.overall","metricValue":96.6,"step":null}},"type":"metric_msg"}
{"payload":{"local_timestamp":1685808402365,"metric":{"epoch":null,"metricName":"sys.compute.utilized","metricValue":0.0,"step":null}},"type":"metric_msg"}
{"payload":{"local_timestamp":1685808402365,"metric":{"epoch":null,"metricName":"sys.load.avg","metricValue":14.13,"step":null}},"type":"metric_msg"}
{"payload":{"local_timestamp":1685808402365,"metric":{"epoch":null,"metricName":"sys.ram.total","metricValue":17106575360,"step":null}},"type":"metric_msg"}
{"payload":{"local_timestamp":1685808402365,"metric":{"epoch":null,"metricName":"sys.ram.used","metricValue":11730157568,"step":null}},"type":"metric_msg"}
{"payload":{"local_timestamp":1685808416180,"output":"\u001b[1;38;5;196mCOMET ERROR:\u001b[0m Heartbeat processing error\n","stderr":true},"type":"standard_output"}
{"payload":{"local_timestamp":1685808460693,"metric":{"epoch":null,"metricName":"sys.gpu.0.free_memory","metricValue":1541234688,"step":null}},"type":"metric_msg"}
{"payload":{"local_timestamp":1685808460693,"metric":{"epoch":null,"metricName":"sys.gpu.0.gpu_utilization","metricValue":26,"step":null}},"type":"metric_msg"}
{"payload":{"local_timestamp":1685808460693,"metric":{"epoch":null,"metricName":"sys.gpu.0.power_usage","metricValue":26666,"step":null}},"type":"metric_msg"}
{"payload":{"local_timestamp":1685808460693,"metric":{"epoch":null,"metricName":"sys.gpu.0.temperature","metricValue":47,"step":null}},"type":"metric_msg"}
{"payload":{"local_timestamp":1685808460693,"metric":{"epoch":null,"metricName":"sys.gpu.0.used_memory","metricValue":2753732608,"step":null}},"type":"metric_msg"}
{"payload":{"local_timestamp":1685808463018,"metric":{"epoch":null,"metricName":"sys.cpu.percent.avg","metricValue":99.96666666666665,"step":null}},"type":"metric_msg"}
{"payload":{"local_timestamp":1685808463018,"metric":{"epoch":null,"metricName":"sys.compute.overall","metricValue":100.0,"step":null}},"type":"metric_msg"}
{"payload":{"local_timestamp":1685808463018,"metric":{"epoch":null,"metricName":"sys.compute.utilized","metricValue":0.0,"step":null}},"type":"metric_msg"}
{"payload":{"local_timestamp":1685808463018,"metric":{"epoch":null,"metricName":"sys.load.avg","metricValue":18.45,"step":null}},"type":"metric_msg"}
{"payload":{"local_timestamp":1685808463018,"metric":{"epoch":null,"metricName":"sys.ram.total","metricValue":17106575360,"step":null}},"type":"metric_msg"}
{"payload":{"local_timestamp":1685808463018,"metric":{"epoch":null,"metricName":"sys.ram.used","metricValue":12319969280,"step":null}},"type":"metric_msg"}
{"payload":{"local_timestamp":1685808521180,"metric":{"epoch":null,"metricName":"sys.gpu.0.free_memory","metricValue":1688502272,"step":null}},"type":"metric_msg"}
{"payload":{"local_timestamp":1685808521180,"metric":{"epoch":null,"metricName":"sys.gpu.0.gpu_utilization","metricValue":32,"step":null}},"type":"metric_msg"}
{"payload":{"local_timestamp":1685808521180,"metric":{"epoch":null,"metricName":"sys.gpu.0.power_usage","metricValue":26833,"step":null}},"type":"metric_msg"}
{"payload":{"local_timestamp":1685808521180,"metric":{"epoch":null,"metricName":"sys.gpu.0.temperature","metricValue":47,"step":null}},"type":"metric_msg"}
{"payload":{"local_timestamp":1685808521180,"metric":{"epoch":null,"metricName":"sys.gpu.0.used_memory","metricValue":2606465024,"step":null}},"type":"metric_msg"}
{"payload":{"local_timestamp":1685808523756,"metric":{"epoch":null,"metricName":"sys.cpu.percent.avg","metricValue":99.41666666666667,"step":null}},"type":"metric_msg"}
{"payload":{"local_timestamp":1685808523756,"metric":{"epoch":null,"metricName":"sys.compute.overall","metricValue":99.4,"step":null}},"type":"metric_msg"}
{"payload":{"local_timestamp":1685808523756,"metric":{"epoch":null,"metricName":"sys.compute.utilized","metricValue":0.0,"step":null}},"type":"metric_msg"}
{"payload":{"local_timestamp":1685808523756,"metric":{"epoch":null,"metricName":"sys.load.avg","metricValue":15.91,"step":null}},"type":"metric_msg"}
{"payload":{"local_timestamp":1685808523756,"metric":{"epoch":null,"metricName":"sys.ram.total","metricValue":17106575360,"step":null}},"type":"metric_msg"}
{"payload":{"local_timestamp":1685808523756,"metric":{"epoch":null,"metricName":"sys.ram.used","metricValue":12524032000,"step":null}},"type":"metric_msg"}
{"payload":{"local_timestamp":1685808581563,"metric":{"epoch":null,"metricName":"sys.gpu.0.free_memory","metricValue":1738022912,"step":null}},"type":"metric_msg"}
{"payload":{"local_timestamp":1685808581564,"metric":{"epoch":null,"metricName":"sys.gpu.0.gpu_utilization","metricValue":32,"step":null}},"type":"metric_msg"}
{"payload":{"local_timestamp":1685808581564,"metric":{"epoch":null,"metricName":"sys.gpu.0.power_usage","metricValue":26658,"step":null}},"type":"metric_msg"}
{"payload":{"local_timestamp":1685808581564,"metric":{"epoch":null,"metricName":"sys.gpu.0.temperature","metricValue":47,"step":null}},"type":"metric_msg"}
{"payload":{"local_timestamp":1685808581564,"metric":{"epoch":null,"metricName":"sys.gpu.0.used_memory","metricValue":2556944384,"step":null}},"type":"metric_msg"}
{"payload":{"local_timestamp":1685808584303,"metric":{"epoch":null,"metricName":"sys.cpu.percent.avg","metricValue":99.88333333333333,"step":null}},"type":"metric_msg"}
{"payload":{"local_timestamp":1685808584303,"metric":{"epoch":null,"metricName":"sys.compute.overall","metricValue":99.9,"step":null}},"type":"metric_msg"}
{"payload":{"local_timestamp":1685808584303,"metric":{"epoch":null,"metricName":"sys.compute.utilized","metricValue":0.0,"step":null}},"type":"metric_msg"}
{"payload":{"local_timestamp":1685808584303,"metric":{"epoch":null,"metricName":"sys.load.avg","metricValue":12.17,"step":null}},"type":"metric_msg"}
{"payload":{"local_timestamp":1685808584303,"metric":{"epoch":null,"metricName":"sys.ram.total","metricValue":17106575360,"step":null}},"type":"metric_msg"}
{"payload":{"local_timestamp":1685808584303,"metric":{"epoch":null,"metricName":"sys.ram.used","metricValue":12646793216,"step":null}},"type":"metric_msg"}
{"payload":{"local_timestamp":1685808641884,"metric":{"epoch":null,"metricName":"sys.gpu.0.free_memory","metricValue":1820827648,"step":null}},"type":"metric_msg"}
{"payload":{"local_timestamp":1685808641884,"metric":{"epoch":null,"metricName":"sys.gpu.0.gpu_utilization","metricValue":31,"step":null}},"type":"metric_msg"}
{"payload":{"local_timestamp":1685808641884,"metric":{"epoch":null,"metricName":"sys.gpu.0.power_usage","metricValue":26634,"step":null}},"type":"metric_msg"}
{"payload":{"local_timestamp":1685808641884,"metric":{"epoch":null,"metricName":"sys.gpu.0.temperature","metricValue":47,"step":null}},"type":"metric_msg"}
{"payload":{"local_timestamp":1685808641884,"metric":{"epoch":null,"metricName":"sys.gpu.0.used_memory","metricValue":2474139648,"step":null}},"type":"metric_msg"}
{"payload":{"local_timestamp":1685808644970,"metric":{"epoch":null,"metricName":"sys.cpu.percent.avg","metricValue":100.0,"step":null}},"type":"metric_msg"}
{"payload":{"local_timestamp":1685808644970,"metric":{"epoch":null,"metricName":"sys.compute.overall","metricValue":100.0,"step":null}},"type":"metric_msg"}
{"payload":{"local_timestamp":1685808644970,"metric":{"epoch":null,"metricName":"sys.compute.utilized","metricValue":0.0,"step":null}},"type":"metric_msg"}
{"payload":{"local_timestamp":1685808644970,"metric":{"epoch":null,"metricName":"sys.load.avg","metricValue":11.21,"step":null}},"type":"metric_msg"}
{"payload":{"local_timestamp":1685808644970,"metric":{"epoch":null,"metricName":"sys.ram.total","metricValue":17106575360,"step":null}},"type":"metric_msg"}
{"payload":{"local_timestamp":1685808644970,"metric":{"epoch":null,"metricName":"sys.ram.used","metricValue":14598295552,"step":null}},"type":"metric_msg"}
{"payload":{"local_timestamp":1685808702196,"metric":{"epoch":null,"metricName":"sys.gpu.0.free_memory","metricValue":1895481344,"step":null}},"type":"metric_msg"}
{"payload":{"local_timestamp":1685808702196,"metric":{"epoch":null,"metricName":"sys.gpu.0.gpu_utilization","metricValue":32,"step":null}},"type":"metric_msg"}
{"payload":{"local_timestamp":1685808702196,"metric":{"epoch":null,"metricName":"sys.gpu.0.power_usage","metricValue":26719,"step":null}},"type":"metric_msg"}
{"payload":{"local_timestamp":1685808702196,"metric":{"epoch":null,"metricName":"sys.gpu.0.temperature","metricValue":47,"step":null}},"type":"metric_msg"}
{"payload":{"local_timestamp":1685808702196,"metric":{"epoch":null,"metricName":"sys.gpu.0.used_memory","metricValue":2399485952,"step":null}},"type":"metric_msg"}
{"payload":{"local_timestamp":1685808705626,"metric":{"epoch":null,"metricName":"sys.cpu.percent.avg","metricValue":99.7,"step":null}},"type":"metric_msg"}
{"payload":{"local_timestamp":1685808705626,"metric":{"epoch":null,"metricName":"sys.compute.overall","metricValue":99.7,"step":null}},"type":"metric_msg"}
{"payload":{"local_timestamp":1685808705626,"metric":{"epoch":null,"metricName":"sys.compute.utilized","metricValue":0.0,"step":null}},"type":"metric_msg"}
{"payload":{"local_timestamp":1685808705626,"metric":{"epoch":null,"metricName":"sys.load.avg","metricValue":11.4,"step":null}},"type":"metric_msg"}
{"payload":{"local_timestamp":1685808705626,"metric":{"epoch":null,"metricName":"sys.ram.total","metricValue":17106575360,"step":null}},"type":"metric_msg"}
{"payload":{"local_timestamp":1685808705626,"metric":{"epoch":null,"metricName":"sys.ram.used","metricValue":12344705024,"step":null}},"type":"metric_msg"}
{"payload":{"local_timestamp":1685808730385,"output":"\u001b[1;38;5;39mCOMET INFO:\u001b[0m ---------------------------------------------------------------------------------------\n","stderr":true},"type":"standard_output"}
{"payload":{"local_timestamp":1685808730396,"output":"\u001b[1;38;5;39mCOMET INFO:\u001b[0m Comet.ml Experiment Summary\n","stderr":true},"type":"standard_output"}
{"payload":{"local_timestamp":1685808730400,"output":"\u001b[1;38;5;39mCOMET INFO:\u001b[0m ---------------------------------------------------------------------------------------\n","stderr":true},"type":"standard_output"}
{"payload":{"local_timestamp":1685808730402,"output":"\u001b[1;38;5;39mCOMET INFO:\u001b[0m   Data:\n","stderr":true},"type":"standard_output"}
{"payload":{"local_timestamp":1685808730404,"output":"\u001b[1;38;5;39mCOMET INFO:\u001b[0m     display_summary_level : 1\n","stderr":true},"type":"standard_output"}
{"payload":{"local_timestamp":1685808730410,"output":"\u001b[1;38;5;39mCOMET INFO:\u001b[0m     url                   : \u001b[38;5;39mhttps://www.comet.com/eskortz/general/d0b978b4d00d479a95ae314f25c0636b\u001b[0m\n","stderr":true},"type":"standard_output"}
{"payload":{"local_timestamp":1685808730412,"output":"\u001b[1;38;5;39mCOMET INFO:\u001b[0m   Uploads:\n","stderr":true},"type":"standard_output"}
{"payload":{"local_timestamp":1685808730481,"output":"\u001b[1;38;5;39mCOMET INFO:\u001b[0m     environment details      : 1\n","stderr":true},"type":"standard_output"}
{"payload":{"local_timestamp":1685808730486,"output":"\u001b[1;38;5;39mCOMET INFO:\u001b[0m     filename                 : 1\n","stderr":true},"type":"standard_output"}
{"payload":{"local_timestamp":1685808730512,"output":"\u001b[1;38;5;39mCOMET INFO:\u001b[0m     git metadata             : 1\n","stderr":true},"type":"standard_output"}
{"payload":{"local_timestamp":1685808730514,"output":"\u001b[1;38;5;39mCOMET INFO:\u001b[0m     git-patch (uncompressed) : 1 (6.14 KB)\n","stderr":true},"type":"standard_output"}
{"payload":{"local_timestamp":1685808730514,"output":"\u001b[1;38;5;39mCOMET INFO:\u001b[0m     installed packages       : 1\n","stderr":true},"type":"standard_output"}
{"payload":{"local_timestamp":1685808730516,"output":"\u001b[1;38;5;39mCOMET INFO:\u001b[0m     source_code              : 2 (67.62 KB)\n","stderr":true},"type":"standard_output"}
{"payload":{"local_timestamp":1685808730517,"output":"\u001b[1;38;5;39mCOMET INFO:\u001b[0m \n","stderr":true},"type":"standard_output"}
