{"payload":{"file_name":"C:\\Users\\user\\Desktop\\yolov5\\train.py"},"type":"file_name"}
{"payload":{"additional_params":{"assetId":"09993e11501a4bce93a1f97a376d8f27","context":null,"extension":"py","fileName":"C:\\Users\\user\\Desktop\\yolov5\\train.py","overwrite":false,"runId":"TAHRlenUISrEbpgXqDsP8nj9A","step":null,"type":"source_code"},"clean":true,"file_path":"tmpj518hnfi","local_timestamp":1685808180593,"metadata":{"source_code_type":"experiment_creation"},"upload_type":"source_code"},"type":"file_upload"}
{"payload":{"additional_params":{"assetId":"ec000f9334d349969b6b7d31b009975f","context":null,"extension":"py","fileName":"C:\\Users\\user\\Desktop\\yolov5\\train.py","overwrite":false,"runId":"TAHRlenUISrEbpgXqDsP8nj9A","step":null,"type":"source_code"},"clean":true,"file_path":"tmpsono6uws","local_timestamp":1685808180596,"metadata":{"source_code_type":"python_script_name"},"upload_type":"source_code"},"type":"file_upload"}
{"payload":{"installed_packages":["attrs==23.1.0","certifi==2022.9.24","charset-normalizer==2.1.1","colorama==0.4.6","comet-ml==3.33.3","configobj==5.0.8","contourpy==1.0.7","cycler==0.11.0","dulwich==0.21.5","everett==3.1.0","filelock==3.12.0","fonttools==4.39.4","gitdb==4.0.10","gitpython==3.1.31","idna==3.4","jinja2==3.1.2","jsonschema==4.17.3","kiwisolver==1.4.4","markdown-it-py==2.2.0","markupsafe==2.1.3","matplotlib==3.7.1","mdurl==0.1.2","mpmath==1.3.0","mysql-connector-python==8.0.32","networkx==3.1","numpy==1.23.5","opencv-python==4.7.0.72","packaging==23.1","pandas==1.5.2","pillow==9.5.0","pip==23.1.2","psutil==5.9.5","pycoingecko==3.1.0","pygments==2.15.1","pyparsing==3.0.9","pyrsistent==0.19.3","python-box==6.1.0","python-dateutil==2.8.2","pytz==2022.6","pyyaml==6.0","requests-toolbelt==1.0.0","requests==2.28.1","rich==13.4.1","scipy==1.10.1","seaborn==0.12.2","semantic-version==2.10.0","sentry-sdk==1.25.0","setuptools==67.8.0","simplejson==3.19.1","six==1.16.0","smmap==5.0.0","sympy==1.12","thop==0.1.1.post2209072238","torch==2.0.1","torchvision==0.15.2","tqdm==4.65.0","typing-extensions==4.6.3","ultralytics==8.0.112","urllib3==1.26.13","websocket-client==1.3.3","wrapt==1.15.0","wurlitzer==3.0.3"]},"type":"installed_packages"}
{"payload":{"command":["C:\\Users\\user\\Desktop\\yolov5\\train.py","--img","640","--epochs","3","--data","coco128.yaml","--bbox_interval","1","--weights","yolov5s.pt"],"env":null,"hostname":"WIN-3H6PK9E5G9N","ip":"172.31.1.203","machine":"AMD64","os":"Windows-10-10.0.19044-SP0","os_release":"10","os_type":"Windows","pid":18620,"processor":"AMD64 Family 23 Model 113 Stepping 0, AuthenticAMD","python_exe":"C:\\Users\\user\\AppData\\Local\\Programs\\Python\\Python311\\python.exe","python_version":"3.11.0","python_version_verbose":"3.11.0 (main, Oct 24 2022, 18:26:48) [MSC v.1933 64 bit (AMD64)]","user":"user"},"type":"system_details"}
{"payload":{"gpu_static_info":[{"gpu_index":0,"name":"NVIDIA GeForce GTX 1650 SUPER","power_limit":100000,"total_memory":4294967296,"uuid":"GPU-4030928e-2422-47fe-2372-9cdf43506c71"}]},"type":"gpu_static_info"}
{"payload":{"local_timestamp":1685808180661,"metric":{"epoch":null,"metricName":"sys.gpu.0.total_memory","metricValue":4294967296,"step":null}},"type":"metric_msg"}
{"payload":{"local_timestamp":1685808180675,"param":{"paramName":"img","paramValue":640,"source":"cli","step":null}},"type":"parameter_msg"}
{"payload":{"local_timestamp":1685808180675,"param":{"paramName":"epochs","paramValue":3,"source":"cli","step":null}},"type":"parameter_msg"}
{"payload":{"local_timestamp":1685808180675,"param":{"paramName":"data","paramValue":"coco128.yaml","source":"cli","step":null}},"type":"parameter_msg"}
{"payload":{"local_timestamp":1685808180676,"param":{"paramName":"bbox_interval","paramValue":1,"source":"cli","step":null}},"type":"parameter_msg"}
{"payload":{"local_timestamp":1685808180676,"param":{"paramName":"weights","paramValue":"yolov5s.pt","source":"cli","step":null}},"type":"parameter_msg"}
{"payload":{"local_timestamp":1685808180682,"metric":{"epoch":null,"metricName":"sys.gpu.0.free_memory","metricValue":1922789376,"step":null}},"type":"metric_msg"}
{"payload":{"local_timestamp":1685808180683,"metric":{"epoch":null,"metricName":"sys.gpu.0.gpu_utilization","metricValue":34,"step":null}},"type":"metric_msg"}
{"payload":{"local_timestamp":1685808180683,"metric":{"epoch":null,"metricName":"sys.gpu.0.power_usage","metricValue":27597,"step":null}},"type":"metric_msg"}
{"payload":{"local_timestamp":1685808180683,"metric":{"epoch":null,"metricName":"sys.gpu.0.temperature","metricValue":47,"step":null}},"type":"metric_msg"}
{"payload":{"local_timestamp":1685808180683,"metric":{"epoch":null,"metricName":"sys.gpu.0.used_memory","metricValue":2372177920,"step":null}},"type":"metric_msg"}
{"payload":{"local_timestamp":1685808180962,"output":"\u001b[1;38;5;39mCOMET INFO:\u001b[0m Experiment is live on comet.com \u001b[38;5;39mhttps://www.comet.com/eskortz/general/ec7a2bd32723462ea113a5871d15c1e5\u001b[0m\n\n","stderr":true},"type":"standard_output"}
{"payload":{"local_timestamp":1685808181246,"metric":{"epoch":null,"metricName":"sys.cpu.percent.avg","metricValue":62.949999999999996,"step":null}},"type":"metric_msg"}
{"payload":{"local_timestamp":1685808181246,"metric":{"epoch":null,"metricName":"sys.compute.overall","metricValue":62.9,"step":null}},"type":"metric_msg"}
{"payload":{"local_timestamp":1685808181246,"metric":{"epoch":null,"metricName":"sys.compute.utilized","metricValue":119.8,"step":null}},"type":"metric_msg"}
{"payload":{"local_timestamp":1685808181246,"metric":{"epoch":null,"metricName":"sys.load.avg","metricValue":0.0,"step":null}},"type":"metric_msg"}
{"payload":{"local_timestamp":1685808181246,"metric":{"epoch":null,"metricName":"sys.ram.total","metricValue":17106575360,"step":null}},"type":"metric_msg"}
{"payload":{"local_timestamp":1685808181246,"metric":{"epoch":null,"metricName":"sys.ram.used","metricValue":11074641920,"step":null}},"type":"metric_msg"}
{"payload":{"git_metadata":{"branch":"refs/heads/master","origin":"https://github.com/ultralytics/yolov5","parent":"5f11555e0796f9471185a16dc79860c236f656f8","repo_name":"yolov5","root":"1e84a23f38fad9e52b59101e9f1246d93066ed1e","status":null,"user":"eskortz"}},"type":"git_metadata"}
{"payload":{"additional_params":null,"clean":true,"file_path":"tmpjno3_u64..zip","local_timestamp":1685808181437,"metadata":{},"upload_type":"git-patch"},"type":"file_upload"}
{"payload":{"local_timestamp":1685808241017,"metric":{"epoch":null,"metricName":"sys.gpu.0.free_memory","metricValue":2119380992,"step":null}},"type":"metric_msg"}
{"payload":{"local_timestamp":1685808241017,"metric":{"epoch":null,"metricName":"sys.gpu.0.gpu_utilization","metricValue":35,"step":null}},"type":"metric_msg"}
{"payload":{"local_timestamp":1685808241018,"metric":{"epoch":null,"metricName":"sys.gpu.0.power_usage","metricValue":26898,"step":null}},"type":"metric_msg"}
{"payload":{"local_timestamp":1685808241018,"metric":{"epoch":null,"metricName":"sys.gpu.0.temperature","metricValue":47,"step":null}},"type":"metric_msg"}
{"payload":{"local_timestamp":1685808241018,"metric":{"epoch":null,"metricName":"sys.gpu.0.used_memory","metricValue":2175586304,"step":null}},"type":"metric_msg"}
{"payload":{"local_timestamp":1685808241955,"metric":{"epoch":null,"metricName":"sys.cpu.percent.avg","metricValue":85.13333333333333,"step":null}},"type":"metric_msg"}
{"payload":{"local_timestamp":1685808241955,"metric":{"epoch":null,"metricName":"sys.compute.overall","metricValue":85.1,"step":null}},"type":"metric_msg"}
{"payload":{"local_timestamp":1685808241955,"metric":{"epoch":null,"metricName":"sys.compute.utilized","metricValue":0.0,"step":null}},"type":"metric_msg"}
{"payload":{"local_timestamp":1685808241955,"metric":{"epoch":null,"metricName":"sys.load.avg","metricValue":9.3,"step":null}},"type":"metric_msg"}
{"payload":{"local_timestamp":1685808241955,"metric":{"epoch":null,"metricName":"sys.ram.total","metricValue":17106575360,"step":null}},"type":"metric_msg"}
{"payload":{"local_timestamp":1685808241955,"metric":{"epoch":null,"metricName":"sys.ram.used","metricValue":13425172480,"step":null}},"type":"metric_msg"}
{"payload":{"local_timestamp":1685808301449,"metric":{"epoch":null,"metricName":"sys.gpu.0.free_memory","metricValue":2118529024,"step":null}},"type":"metric_msg"}
{"payload":{"local_timestamp":1685808301449,"metric":{"epoch":null,"metricName":"sys.gpu.0.gpu_utilization","metricValue":37,"step":null}},"type":"metric_msg"}
{"payload":{"local_timestamp":1685808301449,"metric":{"epoch":null,"metricName":"sys.gpu.0.power_usage","metricValue":26650,"step":null}},"type":"metric_msg"}
{"payload":{"local_timestamp":1685808301449,"metric":{"epoch":null,"metricName":"sys.gpu.0.temperature","metricValue":47,"step":null}},"type":"metric_msg"}
{"payload":{"local_timestamp":1685808301449,"metric":{"epoch":null,"metricName":"sys.gpu.0.used_memory","metricValue":2176438272,"step":null}},"type":"metric_msg"}
{"payload":{"local_timestamp":1685808302773,"metric":{"epoch":null,"metricName":"sys.cpu.percent.avg","metricValue":99.61666666666667,"step":null}},"type":"metric_msg"}
{"payload":{"local_timestamp":1685808302773,"metric":{"epoch":null,"metricName":"sys.compute.overall","metricValue":99.6,"step":null}},"type":"metric_msg"}
{"payload":{"local_timestamp":1685808302773,"metric":{"epoch":null,"metricName":"sys.compute.utilized","metricValue":0.0,"step":null}},"type":"metric_msg"}
{"payload":{"local_timestamp":1685808302773,"metric":{"epoch":null,"metricName":"sys.load.avg","metricValue":19.17,"step":null}},"type":"metric_msg"}
{"payload":{"local_timestamp":1685808302773,"metric":{"epoch":null,"metricName":"sys.ram.total","metricValue":17106575360,"step":null}},"type":"metric_msg"}
{"payload":{"local_timestamp":1685808302773,"metric":{"epoch":null,"metricName":"sys.ram.used","metricValue":14697213952,"step":null}},"type":"metric_msg"}
{"payload":{"local_timestamp":1685808361783,"metric":{"epoch":null,"metricName":"sys.gpu.0.free_memory","metricValue":2157289472,"step":null}},"type":"metric_msg"}
{"payload":{"local_timestamp":1685808361784,"metric":{"epoch":null,"metricName":"sys.gpu.0.gpu_utilization","metricValue":35,"step":null}},"type":"metric_msg"}
{"payload":{"local_timestamp":1685808361784,"metric":{"epoch":null,"metricName":"sys.gpu.0.power_usage","metricValue":26634,"step":null}},"type":"metric_msg"}
{"payload":{"local_timestamp":1685808361784,"metric":{"epoch":null,"metricName":"sys.gpu.0.temperature","metricValue":47,"step":null}},"type":"metric_msg"}
{"payload":{"local_timestamp":1685808361784,"metric":{"epoch":null,"metricName":"sys.gpu.0.used_memory","metricValue":2137677824,"step":null}},"type":"metric_msg"}
{"payload":{"local_timestamp":1685808363428,"metric":{"epoch":null,"metricName":"sys.cpu.percent.avg","metricValue":98.34999999999998,"step":null}},"type":"metric_msg"}
{"payload":{"local_timestamp":1685808363429,"metric":{"epoch":null,"metricName":"sys.compute.overall","metricValue":98.3,"step":null}},"type":"metric_msg"}
{"payload":{"local_timestamp":1685808363429,"metric":{"epoch":null,"metricName":"sys.compute.utilized","metricValue":5.3,"step":null}},"type":"metric_msg"}
{"payload":{"local_timestamp":1685808363429,"metric":{"epoch":null,"metricName":"sys.load.avg","metricValue":13.53,"step":null}},"type":"metric_msg"}
{"payload":{"local_timestamp":1685808363429,"metric":{"epoch":null,"metricName":"sys.ram.total","metricValue":17106575360,"step":null}},"type":"metric_msg"}
{"payload":{"local_timestamp":1685808363429,"metric":{"epoch":null,"metricName":"sys.ram.used","metricValue":12173664256,"step":null}},"type":"metric_msg"}
{"payload":{"local_timestamp":1685808373355,"output":"\u001b[1;38;5;196mCOMET ERROR:\u001b[0m Heartbeat processing error\n","stderr":true},"type":"standard_output"}
{"payload":{"local_timestamp":1685808422161,"metric":{"epoch":null,"metricName":"sys.gpu.0.free_memory","metricValue":1960304640,"step":null}},"type":"metric_msg"}
{"payload":{"local_timestamp":1685808422161,"metric":{"epoch":null,"metricName":"sys.gpu.0.gpu_utilization","metricValue":37,"step":null}},"type":"metric_msg"}
{"payload":{"local_timestamp":1685808422161,"metric":{"epoch":null,"metricName":"sys.gpu.0.power_usage","metricValue":26802,"step":null}},"type":"metric_msg"}
{"payload":{"local_timestamp":1685808422161,"metric":{"epoch":null,"metricName":"sys.gpu.0.temperature","metricValue":47,"step":null}},"type":"metric_msg"}
{"payload":{"local_timestamp":1685808422161,"metric":{"epoch":null,"metricName":"sys.gpu.0.used_memory","metricValue":2334662656,"step":null}},"type":"metric_msg"}
{"payload":{"local_timestamp":1685808424212,"metric":{"epoch":null,"metricName":"sys.cpu.percent.avg","metricValue":98.21666666666668,"step":null}},"type":"metric_msg"}
{"payload":{"local_timestamp":1685808424212,"metric":{"epoch":null,"metricName":"sys.compute.overall","metricValue":98.2,"step":null}},"type":"metric_msg"}
{"payload":{"local_timestamp":1685808424212,"metric":{"epoch":null,"metricName":"sys.compute.utilized","metricValue":0.0,"step":null}},"type":"metric_msg"}
{"payload":{"local_timestamp":1685808424212,"metric":{"epoch":null,"metricName":"sys.load.avg","metricValue":13.89,"step":null}},"type":"metric_msg"}
{"payload":{"local_timestamp":1685808424212,"metric":{"epoch":null,"metricName":"sys.ram.total","metricValue":17106575360,"step":null}},"type":"metric_msg"}
{"payload":{"local_timestamp":1685808424212,"metric":{"epoch":null,"metricName":"sys.ram.used","metricValue":15915593728,"step":null}},"type":"metric_msg"}
{"payload":{"local_timestamp":1685808482484,"metric":{"epoch":null,"metricName":"sys.gpu.0.free_memory","metricValue":1628200960,"step":null}},"type":"metric_msg"}
{"payload":{"local_timestamp":1685808482484,"metric":{"epoch":null,"metricName":"sys.gpu.0.gpu_utilization","metricValue":27,"step":null}},"type":"metric_msg"}
{"payload":{"local_timestamp":1685808482485,"metric":{"epoch":null,"metricName":"sys.gpu.0.power_usage","metricValue":27815,"step":null}},"type":"metric_msg"}
{"payload":{"local_timestamp":1685808482488,"metric":{"epoch":null,"metricName":"sys.gpu.0.temperature","metricValue":47,"step":null}},"type":"metric_msg"}
{"payload":{"local_timestamp":1685808482488,"metric":{"epoch":null,"metricName":"sys.gpu.0.used_memory","metricValue":2666766336,"step":null}},"type":"metric_msg"}
{"payload":{"local_timestamp":1685808484828,"metric":{"epoch":null,"metricName":"sys.cpu.percent.avg","metricValue":100.0,"step":null}},"type":"metric_msg"}
{"payload":{"local_timestamp":1685808484828,"metric":{"epoch":null,"metricName":"sys.compute.overall","metricValue":100.0,"step":null}},"type":"metric_msg"}
{"payload":{"local_timestamp":1685808484828,"metric":{"epoch":null,"metricName":"sys.compute.utilized","metricValue":0.0,"step":null}},"type":"metric_msg"}
{"payload":{"local_timestamp":1685808484828,"metric":{"epoch":null,"metricName":"sys.load.avg","metricValue":15.48,"step":null}},"type":"metric_msg"}
{"payload":{"local_timestamp":1685808484828,"metric":{"epoch":null,"metricName":"sys.ram.total","metricValue":17106575360,"step":null}},"type":"metric_msg"}
{"payload":{"local_timestamp":1685808484828,"metric":{"epoch":null,"metricName":"sys.ram.used","metricValue":15305998336,"step":null}},"type":"metric_msg"}
{"payload":{"local_timestamp":1685808543011,"metric":{"epoch":null,"metricName":"sys.gpu.0.free_memory","metricValue":1844289536,"step":null}},"type":"metric_msg"}
{"payload":{"local_timestamp":1685808543011,"metric":{"epoch":null,"metricName":"sys.gpu.0.gpu_utilization","metricValue":34,"step":null}},"type":"metric_msg"}
{"payload":{"local_timestamp":1685808543011,"metric":{"epoch":null,"metricName":"sys.gpu.0.power_usage","metricValue":26614,"step":null}},"type":"metric_msg"}
{"payload":{"local_timestamp":1685808543011,"metric":{"epoch":null,"metricName":"sys.gpu.0.temperature","metricValue":47,"step":null}},"type":"metric_msg"}
{"payload":{"local_timestamp":1685808543011,"metric":{"epoch":null,"metricName":"sys.gpu.0.used_memory","metricValue":2450677760,"step":null}},"type":"metric_msg"}
{"payload":{"local_timestamp":1685808545574,"metric":{"epoch":null,"metricName":"sys.cpu.percent.avg","metricValue":99.3,"step":null}},"type":"metric_msg"}
{"payload":{"local_timestamp":1685808545575,"metric":{"epoch":null,"metricName":"sys.compute.overall","metricValue":99.3,"step":null}},"type":"metric_msg"}
{"payload":{"local_timestamp":1685808545575,"metric":{"epoch":null,"metricName":"sys.compute.utilized","metricValue":0.0,"step":null}},"type":"metric_msg"}
{"payload":{"local_timestamp":1685808545575,"metric":{"epoch":null,"metricName":"sys.load.avg","metricValue":13.49,"step":null}},"type":"metric_msg"}
{"payload":{"local_timestamp":1685808545575,"metric":{"epoch":null,"metricName":"sys.ram.total","metricValue":17106575360,"step":null}},"type":"metric_msg"}
{"payload":{"local_timestamp":1685808545575,"metric":{"epoch":null,"metricName":"sys.ram.used","metricValue":13317304320,"step":null}},"type":"metric_msg"}
{"payload":{"local_timestamp":1685808603383,"metric":{"epoch":null,"metricName":"sys.gpu.0.free_memory","metricValue":1818140672,"step":null}},"type":"metric_msg"}
{"payload":{"local_timestamp":1685808603383,"metric":{"epoch":null,"metricName":"sys.gpu.0.gpu_utilization","metricValue":31,"step":null}},"type":"metric_msg"}
{"payload":{"local_timestamp":1685808603383,"metric":{"epoch":null,"metricName":"sys.gpu.0.power_usage","metricValue":26735,"step":null}},"type":"metric_msg"}
{"payload":{"local_timestamp":1685808603383,"metric":{"epoch":null,"metricName":"sys.gpu.0.temperature","metricValue":47,"step":null}},"type":"metric_msg"}
{"payload":{"local_timestamp":1685808603383,"metric":{"epoch":null,"metricName":"sys.gpu.0.used_memory","metricValue":2476826624,"step":null}},"type":"metric_msg"}
{"payload":{"local_timestamp":1685808606230,"metric":{"epoch":null,"metricName":"sys.cpu.percent.avg","metricValue":100.0,"step":null}},"type":"metric_msg"}
{"payload":{"local_timestamp":1685808606230,"metric":{"epoch":null,"metricName":"sys.compute.overall","metricValue":100.0,"step":null}},"type":"metric_msg"}
{"payload":{"local_timestamp":1685808606230,"metric":{"epoch":null,"metricName":"sys.compute.utilized","metricValue":0.0,"step":null}},"type":"metric_msg"}
{"payload":{"local_timestamp":1685808606230,"metric":{"epoch":null,"metricName":"sys.load.avg","metricValue":14.9,"step":null}},"type":"metric_msg"}
{"payload":{"local_timestamp":1685808606230,"metric":{"epoch":null,"metricName":"sys.ram.total","metricValue":17106575360,"step":null}},"type":"metric_msg"}
{"payload":{"local_timestamp":1685808606230,"metric":{"epoch":null,"metricName":"sys.ram.used","metricValue":15486685184,"step":null}},"type":"metric_msg"}
{"payload":{"local_timestamp":1685808663851,"metric":{"epoch":null,"metricName":"sys.gpu.0.free_memory","metricValue":1816109056,"step":null}},"type":"metric_msg"}
{"payload":{"local_timestamp":1685808663851,"metric":{"epoch":null,"metricName":"sys.gpu.0.gpu_utilization","metricValue":30,"step":null}},"type":"metric_msg"}
{"payload":{"local_timestamp":1685808663851,"metric":{"epoch":null,"metricName":"sys.gpu.0.power_usage","metricValue":26687,"step":null}},"type":"metric_msg"}
{"payload":{"local_timestamp":1685808663851,"metric":{"epoch":null,"metricName":"sys.gpu.0.temperature","metricValue":47,"step":null}},"type":"metric_msg"}
{"payload":{"local_timestamp":1685808663851,"metric":{"epoch":null,"metricName":"sys.gpu.0.used_memory","metricValue":2478858240,"step":null}},"type":"metric_msg"}
{"payload":{"local_timestamp":1685808667020,"metric":{"epoch":null,"metricName":"sys.cpu.percent.avg","metricValue":100.0,"step":null}},"type":"metric_msg"}
{"payload":{"local_timestamp":1685808667020,"metric":{"epoch":null,"metricName":"sys.compute.overall","metricValue":100.0,"step":null}},"type":"metric_msg"}
{"payload":{"local_timestamp":1685808667020,"metric":{"epoch":null,"metricName":"sys.compute.utilized","metricValue":0.0,"step":null}},"type":"metric_msg"}
{"payload":{"local_timestamp":1685808667020,"metric":{"epoch":null,"metricName":"sys.load.avg","metricValue":12.41,"step":null}},"type":"metric_msg"}
{"payload":{"local_timestamp":1685808667020,"metric":{"epoch":null,"metricName":"sys.ram.total","metricValue":17106575360,"step":null}},"type":"metric_msg"}
{"payload":{"local_timestamp":1685808667020,"metric":{"epoch":null,"metricName":"sys.ram.used","metricValue":11925975040,"step":null}},"type":"metric_msg"}
{"payload":{"local_timestamp":1685808724512,"metric":{"epoch":null,"metricName":"sys.gpu.0.free_memory","metricValue":1895481344,"step":null}},"type":"metric_msg"}
{"payload":{"local_timestamp":1685808724512,"metric":{"epoch":null,"metricName":"sys.gpu.0.gpu_utilization","metricValue":32,"step":null}},"type":"metric_msg"}
{"payload":{"local_timestamp":1685808724512,"metric":{"epoch":null,"metricName":"sys.gpu.0.power_usage","metricValue":26828,"step":null}},"type":"metric_msg"}
{"payload":{"local_timestamp":1685808724512,"metric":{"epoch":null,"metricName":"sys.gpu.0.temperature","metricValue":47,"step":null}},"type":"metric_msg"}
{"payload":{"local_timestamp":1685808724512,"metric":{"epoch":null,"metricName":"sys.gpu.0.used_memory","metricValue":2399485952,"step":null}},"type":"metric_msg"}
{"payload":{"local_timestamp":1685808727818,"metric":{"epoch":null,"metricName":"sys.cpu.percent.avg","metricValue":97.96666666666665,"step":null}},"type":"metric_msg"}
{"payload":{"local_timestamp":1685808727818,"metric":{"epoch":null,"metricName":"sys.compute.overall","metricValue":98.0,"step":null}},"type":"metric_msg"}
{"payload":{"local_timestamp":1685808727818,"metric":{"epoch":null,"metricName":"sys.compute.utilized","metricValue":0.0,"step":null}},"type":"metric_msg"}
{"payload":{"local_timestamp":1685808727818,"metric":{"epoch":null,"metricName":"sys.load.avg","metricValue":10.64,"step":null}},"type":"metric_msg"}
{"payload":{"local_timestamp":1685808727818,"metric":{"epoch":null,"metricName":"sys.ram.total","metricValue":17106575360,"step":null}},"type":"metric_msg"}
{"payload":{"local_timestamp":1685808727818,"metric":{"epoch":null,"metricName":"sys.ram.used","metricValue":11551358976,"step":null}},"type":"metric_msg"}
{"payload":{"local_timestamp":1685808734309,"output":"\u001b[1;38;5;39mCOMET INFO:\u001b[0m ---------------------------------------------------------------------------------------\n","stderr":true},"type":"standard_output"}
{"payload":{"local_timestamp":1685808734318,"output":"\u001b[1;38;5;39mCOMET INFO:\u001b[0m Comet.ml Experiment Summary\n","stderr":true},"type":"standard_output"}
{"payload":{"local_timestamp":1685808734326,"output":"\u001b[1;38;5;39mCOMET INFO:\u001b[0m ---------------------------------------------------------------------------------------\n","stderr":true},"type":"standard_output"}
{"payload":{"local_timestamp":1685808734329,"output":"\u001b[1;38;5;39mCOMET INFO:\u001b[0m   Data:\n","stderr":true},"type":"standard_output"}
{"payload":{"local_timestamp":1685808734335,"output":"\u001b[1;38;5;39mCOMET INFO:\u001b[0m     display_summary_level : 1\n","stderr":true},"type":"standard_output"}
{"payload":{"local_timestamp":1685808734338,"output":"\u001b[1;38;5;39mCOMET INFO:\u001b[0m     url                   : \u001b[38;5;39mhttps://www.comet.com/eskortz/general/ec7a2bd32723462ea113a5871d15c1e5\u001b[0m\n","stderr":true},"type":"standard_output"}
{"payload":{"local_timestamp":1685808734343,"output":"\u001b[1;38;5;39mCOMET INFO:\u001b[0m   Uploads:\n","stderr":true},"type":"standard_output"}
{"payload":{"local_timestamp":1685808734346,"output":"\u001b[1;38;5;39mCOMET INFO:\u001b[0m     environment details      : 1\n","stderr":true},"type":"standard_output"}
{"payload":{"local_timestamp":1685808734356,"output":"\u001b[1;38;5;39mCOMET INFO:\u001b[0m     filename                 : 1\n","stderr":true},"type":"standard_output"}
{"payload":{"local_timestamp":1685808734359,"output":"\u001b[1;38;5;39mCOMET INFO:\u001b[0m     git metadata             : 1\n","stderr":true},"type":"standard_output"}
{"payload":{"local_timestamp":1685808734361,"output":"\u001b[1;38;5;39mCOMET INFO:\u001b[0m     git-patch (uncompressed) : 1 (6.14 KB)\n","stderr":true},"type":"standard_output"}
{"payload":{"local_timestamp":1685808734362,"output":"\u001b[1;38;5;39mCOMET INFO:\u001b[0m     installed packages       : 1\n","stderr":true},"type":"standard_output"}
{"payload":{"local_timestamp":1685808734363,"output":"\u001b[1;38;5;39mCOMET INFO:\u001b[0m     source_code              : 2 (67.62 KB)\n","stderr":true},"type":"standard_output"}
{"payload":{"local_timestamp":1685808734363,"output":"\u001b[1;38;5;39mCOMET INFO:\u001b[0m \n","stderr":true},"type":"standard_output"}
