{"payload":{"file_name":"C:\\Users\\user\\Desktop\\yolov5\\train.py"},"type":"file_name"}
{"payload":{"additional_params":{"assetId":"8e4fb6d85f3d45d1822a1a9515b3899f","context":null,"extension":"py","fileName":"C:\\Users\\user\\Desktop\\yolov5\\train.py","overwrite":false,"runId":"ft5mfe898zTDr3XOSGbv4aTvH","step":null,"type":"source_code"},"clean":true,"file_path":"tmpr2gxgxkf","local_timestamp":1685808190067,"metadata":{"source_code_type":"experiment_creation"},"upload_type":"source_code"},"type":"file_upload"}
{"payload":{"additional_params":{"assetId":"2f60383c45a743d3a94886336711d3b8","context":null,"extension":"py","fileName":"C:\\Users\\user\\Desktop\\yolov5\\train.py","overwrite":false,"runId":"ft5mfe898zTDr3XOSGbv4aTvH","step":null,"type":"source_code"},"clean":true,"file_path":"tmpdz0s_opf","local_timestamp":1685808190070,"metadata":{"source_code_type":"python_script_name"},"upload_type":"source_code"},"type":"file_upload"}
{"payload":{"installed_packages":["attrs==23.1.0","certifi==2022.9.24","charset-normalizer==2.1.1","colorama==0.4.6","comet-ml==3.33.3","configobj==5.0.8","contourpy==1.0.7","cycler==0.11.0","dulwich==0.21.5","everett==3.1.0","filelock==3.12.0","fonttools==4.39.4","gitdb==4.0.10","gitpython==3.1.31","idna==3.4","jinja2==3.1.2","jsonschema==4.17.3","kiwisolver==1.4.4","markdown-it-py==2.2.0","markupsafe==2.1.3","matplotlib==3.7.1","mdurl==0.1.2","mpmath==1.3.0","mysql-connector-python==8.0.32","networkx==3.1","numpy==1.23.5","opencv-python==4.7.0.72","packaging==23.1","pandas==1.5.2","pillow==9.5.0","pip==23.1.2","psutil==5.9.5","pycoingecko==3.1.0","pygments==2.15.1","pyparsing==3.0.9","pyrsistent==0.19.3","python-box==6.1.0","python-dateutil==2.8.2","pytz==2022.6","pyyaml==6.0","requests-toolbelt==1.0.0","requests==2.28.1","rich==13.4.1","scipy==1.10.1","seaborn==0.12.2","semantic-version==2.10.0","sentry-sdk==1.25.0","setuptools==67.8.0","simplejson==3.19.1","six==1.16.0","smmap==5.0.0","sympy==1.12","thop==0.1.1.post2209072238","torch==2.0.1","torchvision==0.15.2","tqdm==4.65.0","typing-extensions==4.6.3","ultralytics==8.0.112","urllib3==1.26.13","websocket-client==1.3.3","wrapt==1.15.0","wurlitzer==3.0.3"]},"type":"installed_packages"}
{"payload":{"command":["C:\\Users\\user\\Desktop\\yolov5\\train.py","--img","640","--epochs","3","--data","coco128.yaml","--bbox_interval","1","--weights","yolov5s.pt"],"env":null,"hostname":"WIN-3H6PK9E5G9N","ip":"172.31.1.203","machine":"AMD64","os":"Windows-10-10.0.19044-SP0","os_release":"10","os_type":"Windows","pid":19160,"processor":"AMD64 Family 23 Model 113 Stepping 0, AuthenticAMD","python_exe":"C:\\Users\\user\\AppData\\Local\\Programs\\Python\\Python311\\python.exe","python_version":"3.11.0","python_version_verbose":"3.11.0 (main, Oct 24 2022, 18:26:48) [MSC v.1933 64 bit (AMD64)]","user":"user"},"type":"system_details"}
{"payload":{"gpu_static_info":[{"gpu_index":0,"name":"NVIDIA GeForce GTX 1650 SUPER","power_limit":100000,"total_memory":4294967296,"uuid":"GPU-4030928e-2422-47fe-2372-9cdf43506c71"}]},"type":"gpu_static_info"}
{"payload":{"local_timestamp":1685808190127,"metric":{"epoch":null,"metricName":"sys.gpu.0.total_memory","metricValue":4294967296,"step":null}},"type":"metric_msg"}
{"payload":{"local_timestamp":1685808190138,"param":{"paramName":"img","paramValue":640,"source":"cli","step":null}},"type":"parameter_msg"}
{"payload":{"local_timestamp":1685808190138,"param":{"paramName":"epochs","paramValue":3,"source":"cli","step":null}},"type":"parameter_msg"}
{"payload":{"local_timestamp":1685808190138,"param":{"paramName":"data","paramValue":"coco128.yaml","source":"cli","step":null}},"type":"parameter_msg"}
{"payload":{"local_timestamp":1685808190138,"param":{"paramName":"bbox_interval","paramValue":1,"source":"cli","step":null}},"type":"parameter_msg"}
{"payload":{"local_timestamp":1685808190138,"param":{"paramName":"weights","paramValue":"yolov5s.pt","source":"cli","step":null}},"type":"parameter_msg"}
{"payload":{"local_timestamp":1685808190152,"metric":{"epoch":null,"metricName":"sys.gpu.0.free_memory","metricValue":1921740800,"step":null}},"type":"metric_msg"}
{"payload":{"local_timestamp":1685808190152,"metric":{"epoch":null,"metricName":"sys.gpu.0.gpu_utilization","metricValue":35,"step":null}},"type":"metric_msg"}
{"payload":{"local_timestamp":1685808190152,"metric":{"epoch":null,"metricName":"sys.gpu.0.power_usage","metricValue":26697,"step":null}},"type":"metric_msg"}
{"payload":{"local_timestamp":1685808190152,"metric":{"epoch":null,"metricName":"sys.gpu.0.temperature","metricValue":47,"step":null}},"type":"metric_msg"}
{"payload":{"local_timestamp":1685808190152,"metric":{"epoch":null,"metricName":"sys.gpu.0.used_memory","metricValue":2373226496,"step":null}},"type":"metric_msg"}
{"payload":{"local_timestamp":1685808190424,"output":"\u001b[1;38;5;39mCOMET INFO:\u001b[0m Experiment is live on comet.com \u001b[38;5;39mhttps://www.comet.com/eskortz/general/12a1ecae7ef74f7aab95a0fe09f7f37e\u001b[0m\n\n","stderr":true},"type":"standard_output"}
{"payload":{"local_timestamp":1685808190671,"metric":{"epoch":null,"metricName":"sys.cpu.percent.avg","metricValue":60.78333333333334,"step":null}},"type":"metric_msg"}
{"payload":{"local_timestamp":1685808190671,"metric":{"epoch":null,"metricName":"sys.compute.overall","metricValue":60.8,"step":null}},"type":"metric_msg"}
{"payload":{"local_timestamp":1685808190671,"metric":{"epoch":null,"metricName":"sys.compute.utilized","metricValue":121.0,"step":null}},"type":"metric_msg"}
{"payload":{"local_timestamp":1685808190671,"metric":{"epoch":null,"metricName":"sys.load.avg","metricValue":0.0,"step":null}},"type":"metric_msg"}
{"payload":{"local_timestamp":1685808190671,"metric":{"epoch":null,"metricName":"sys.ram.total","metricValue":17106575360,"step":null}},"type":"metric_msg"}
{"payload":{"local_timestamp":1685808190671,"metric":{"epoch":null,"metricName":"sys.ram.used","metricValue":11938955264,"step":null}},"type":"metric_msg"}
{"payload":{"git_metadata":{"branch":"refs/heads/master","origin":"https://github.com/ultralytics/yolov5","parent":"5f11555e0796f9471185a16dc79860c236f656f8","repo_name":"yolov5","root":"1e84a23f38fad9e52b59101e9f1246d93066ed1e","status":null,"user":"eskortz"}},"type":"git_metadata"}
{"payload":{"additional_params":null,"clean":true,"file_path":"tmpymmpp83c..zip","local_timestamp":1685808190782,"metadata":{},"upload_type":"git-patch"},"type":"file_upload"}
{"payload":{"local_timestamp":1685808250783,"metric":{"epoch":null,"metricName":"sys.gpu.0.free_memory","metricValue":2122854400,"step":null}},"type":"metric_msg"}
{"payload":{"local_timestamp":1685808250783,"metric":{"epoch":null,"metricName":"sys.gpu.0.gpu_utilization","metricValue":34,"step":null}},"type":"metric_msg"}
{"payload":{"local_timestamp":1685808250784,"metric":{"epoch":null,"metricName":"sys.gpu.0.power_usage","metricValue":27408,"step":null}},"type":"metric_msg"}
{"payload":{"local_timestamp":1685808250784,"metric":{"epoch":null,"metricName":"sys.gpu.0.temperature","metricValue":47,"step":null}},"type":"metric_msg"}
{"payload":{"local_timestamp":1685808250784,"metric":{"epoch":null,"metricName":"sys.gpu.0.used_memory","metricValue":2172112896,"step":null}},"type":"metric_msg"}
{"payload":{"local_timestamp":1685808251486,"metric":{"epoch":null,"metricName":"sys.cpu.percent.avg","metricValue":90.25,"step":null}},"type":"metric_msg"}
{"payload":{"local_timestamp":1685808251486,"metric":{"epoch":null,"metricName":"sys.compute.overall","metricValue":90.2,"step":null}},"type":"metric_msg"}
{"payload":{"local_timestamp":1685808251486,"metric":{"epoch":null,"metricName":"sys.compute.utilized","metricValue":0.0,"step":null}},"type":"metric_msg"}
{"payload":{"local_timestamp":1685808251486,"metric":{"epoch":null,"metricName":"sys.load.avg","metricValue":7.66,"step":null}},"type":"metric_msg"}
{"payload":{"local_timestamp":1685808251486,"metric":{"epoch":null,"metricName":"sys.ram.total","metricValue":17106575360,"step":null}},"type":"metric_msg"}
{"payload":{"local_timestamp":1685808251486,"metric":{"epoch":null,"metricName":"sys.ram.used","metricValue":15977943040,"step":null}},"type":"metric_msg"}
{"payload":{"local_timestamp":1685808311283,"metric":{"epoch":null,"metricName":"sys.gpu.0.free_memory","metricValue":2102145024,"step":null}},"type":"metric_msg"}
{"payload":{"local_timestamp":1685808311283,"metric":{"epoch":null,"metricName":"sys.gpu.0.gpu_utilization","metricValue":36,"step":null}},"type":"metric_msg"}
{"payload":{"local_timestamp":1685808311283,"metric":{"epoch":null,"metricName":"sys.gpu.0.power_usage","metricValue":27224,"step":null}},"type":"metric_msg"}
{"payload":{"local_timestamp":1685808311283,"metric":{"epoch":null,"metricName":"sys.gpu.0.temperature","metricValue":47,"step":null}},"type":"metric_msg"}
{"payload":{"local_timestamp":1685808311283,"metric":{"epoch":null,"metricName":"sys.gpu.0.used_memory","metricValue":2192822272,"step":null}},"type":"metric_msg"}
{"payload":{"local_timestamp":1685808312264,"metric":{"epoch":null,"metricName":"sys.cpu.percent.avg","metricValue":100.0,"step":null}},"type":"metric_msg"}
{"payload":{"local_timestamp":1685808312264,"metric":{"epoch":null,"metricName":"sys.compute.overall","metricValue":100.0,"step":null}},"type":"metric_msg"}
{"payload":{"local_timestamp":1685808312264,"metric":{"epoch":null,"metricName":"sys.compute.utilized","metricValue":0.0,"step":null}},"type":"metric_msg"}
{"payload":{"local_timestamp":1685808312264,"metric":{"epoch":null,"metricName":"sys.load.avg","metricValue":11.51,"step":null}},"type":"metric_msg"}
{"payload":{"local_timestamp":1685808312264,"metric":{"epoch":null,"metricName":"sys.ram.total","metricValue":17106575360,"step":null}},"type":"metric_msg"}
{"payload":{"local_timestamp":1685808312264,"metric":{"epoch":null,"metricName":"sys.ram.used","metricValue":15105388544,"step":null}},"type":"metric_msg"}
{"payload":{"local_timestamp":1685808371743,"metric":{"epoch":null,"metricName":"sys.gpu.0.free_memory","metricValue":2162663424,"step":null}},"type":"metric_msg"}
{"payload":{"local_timestamp":1685808371743,"metric":{"epoch":null,"metricName":"sys.gpu.0.gpu_utilization","metricValue":37,"step":null}},"type":"metric_msg"}
{"payload":{"local_timestamp":1685808371743,"metric":{"epoch":null,"metricName":"sys.gpu.0.power_usage","metricValue":26150,"step":null}},"type":"metric_msg"}
{"payload":{"local_timestamp":1685808371743,"metric":{"epoch":null,"metricName":"sys.gpu.0.temperature","metricValue":47,"step":null}},"type":"metric_msg"}
{"payload":{"local_timestamp":1685808371743,"metric":{"epoch":null,"metricName":"sys.gpu.0.used_memory","metricValue":2132303872,"step":null}},"type":"metric_msg"}
{"payload":{"local_timestamp":1685808373033,"metric":{"epoch":null,"metricName":"sys.cpu.percent.avg","metricValue":97.60000000000001,"step":null}},"type":"metric_msg"}
{"payload":{"local_timestamp":1685808373033,"metric":{"epoch":null,"metricName":"sys.compute.overall","metricValue":97.6,"step":null}},"type":"metric_msg"}
{"payload":{"local_timestamp":1685808373033,"metric":{"epoch":null,"metricName":"sys.compute.utilized","metricValue":0.0,"step":null}},"type":"metric_msg"}
{"payload":{"local_timestamp":1685808373033,"metric":{"epoch":null,"metricName":"sys.load.avg","metricValue":13.57,"step":null}},"type":"metric_msg"}
{"payload":{"local_timestamp":1685808373033,"metric":{"epoch":null,"metricName":"sys.ram.total","metricValue":17106575360,"step":null}},"type":"metric_msg"}
{"payload":{"local_timestamp":1685808373034,"metric":{"epoch":null,"metricName":"sys.ram.used","metricValue":12523380736,"step":null}},"type":"metric_msg"}
{"payload":{"local_timestamp":1685808416362,"output":"\u001b[1;38;5;196mCOMET ERROR:\u001b[0m Heartbeat processing error\n","stderr":true},"type":"standard_output"}
{"payload":{"local_timestamp":1685808432209,"metric":{"epoch":null,"metricName":"sys.gpu.0.free_memory","metricValue":1885896704,"step":null}},"type":"metric_msg"}
{"payload":{"local_timestamp":1685808432209,"metric":{"epoch":null,"metricName":"sys.gpu.0.gpu_utilization","metricValue":34,"step":null}},"type":"metric_msg"}
{"payload":{"local_timestamp":1685808432209,"metric":{"epoch":null,"metricName":"sys.gpu.0.power_usage","metricValue":25727,"step":null}},"type":"metric_msg"}
{"payload":{"local_timestamp":1685808432209,"metric":{"epoch":null,"metricName":"sys.gpu.0.temperature","metricValue":47,"step":null}},"type":"metric_msg"}
{"payload":{"local_timestamp":1685808432209,"metric":{"epoch":null,"metricName":"sys.gpu.0.used_memory","metricValue":2409070592,"step":null}},"type":"metric_msg"}
{"payload":{"local_timestamp":1685808433762,"metric":{"epoch":null,"metricName":"sys.cpu.percent.avg","metricValue":98.96666666666665,"step":null}},"type":"metric_msg"}
{"payload":{"local_timestamp":1685808433762,"metric":{"epoch":null,"metricName":"sys.compute.overall","metricValue":99.0,"step":null}},"type":"metric_msg"}
{"payload":{"local_timestamp":1685808433762,"metric":{"epoch":null,"metricName":"sys.compute.utilized","metricValue":0.0,"step":null}},"type":"metric_msg"}
{"payload":{"local_timestamp":1685808433762,"metric":{"epoch":null,"metricName":"sys.load.avg","metricValue":16.36,"step":null}},"type":"metric_msg"}
{"payload":{"local_timestamp":1685808433762,"metric":{"epoch":null,"metricName":"sys.ram.total","metricValue":17106575360,"step":null}},"type":"metric_msg"}
{"payload":{"local_timestamp":1685808433762,"metric":{"epoch":null,"metricName":"sys.ram.used","metricValue":11121975296,"step":null}},"type":"metric_msg"}
{"payload":{"local_timestamp":1685808492605,"metric":{"epoch":null,"metricName":"sys.gpu.0.free_memory","metricValue":1614176256,"step":null}},"type":"metric_msg"}
{"payload":{"local_timestamp":1685808492605,"metric":{"epoch":null,"metricName":"sys.gpu.0.gpu_utilization","metricValue":33,"step":null}},"type":"metric_msg"}
{"payload":{"local_timestamp":1685808492605,"metric":{"epoch":null,"metricName":"sys.gpu.0.power_usage","metricValue":27265,"step":null}},"type":"metric_msg"}
{"payload":{"local_timestamp":1685808492605,"metric":{"epoch":null,"metricName":"sys.gpu.0.temperature","metricValue":47,"step":null}},"type":"metric_msg"}
{"payload":{"local_timestamp":1685808492605,"metric":{"epoch":null,"metricName":"sys.gpu.0.used_memory","metricValue":2680791040,"step":null}},"type":"metric_msg"}
{"payload":{"local_timestamp":1685808494487,"metric":{"epoch":null,"metricName":"sys.cpu.percent.avg","metricValue":100.0,"step":null}},"type":"metric_msg"}
{"payload":{"local_timestamp":1685808494487,"metric":{"epoch":null,"metricName":"sys.compute.overall","metricValue":100.0,"step":null}},"type":"metric_msg"}
{"payload":{"local_timestamp":1685808494487,"metric":{"epoch":null,"metricName":"sys.compute.utilized","metricValue":0.0,"step":null}},"type":"metric_msg"}
{"payload":{"local_timestamp":1685808494487,"metric":{"epoch":null,"metricName":"sys.load.avg","metricValue":18.48,"step":null}},"type":"metric_msg"}
{"payload":{"local_timestamp":1685808494487,"metric":{"epoch":null,"metricName":"sys.ram.total","metricValue":17106575360,"step":null}},"type":"metric_msg"}
{"payload":{"local_timestamp":1685808494487,"metric":{"epoch":null,"metricName":"sys.ram.used","metricValue":13619499008,"step":null}},"type":"metric_msg"}
{"payload":{"local_timestamp":1685808553129,"metric":{"epoch":null,"metricName":"sys.gpu.0.free_memory","metricValue":1752735744,"step":null}},"type":"metric_msg"}
{"payload":{"local_timestamp":1685808553129,"metric":{"epoch":null,"metricName":"sys.gpu.0.gpu_utilization","metricValue":32,"step":null}},"type":"metric_msg"}
{"payload":{"local_timestamp":1685808553129,"metric":{"epoch":null,"metricName":"sys.gpu.0.power_usage","metricValue":26107,"step":null}},"type":"metric_msg"}
{"payload":{"local_timestamp":1685808553129,"metric":{"epoch":null,"metricName":"sys.gpu.0.temperature","metricValue":47,"step":null}},"type":"metric_msg"}
{"payload":{"local_timestamp":1685808553129,"metric":{"epoch":null,"metricName":"sys.gpu.0.used_memory","metricValue":2542231552,"step":null}},"type":"metric_msg"}
{"payload":{"local_timestamp":1685808555198,"metric":{"epoch":null,"metricName":"sys.cpu.percent.avg","metricValue":99.31666666666666,"step":null}},"type":"metric_msg"}
{"payload":{"local_timestamp":1685808555198,"metric":{"epoch":null,"metricName":"sys.compute.overall","metricValue":99.3,"step":null}},"type":"metric_msg"}
{"payload":{"local_timestamp":1685808555198,"metric":{"epoch":null,"metricName":"sys.compute.utilized","metricValue":0.0,"step":null}},"type":"metric_msg"}
{"payload":{"local_timestamp":1685808555198,"metric":{"epoch":null,"metricName":"sys.load.avg","metricValue":15.52,"step":null}},"type":"metric_msg"}
{"payload":{"local_timestamp":1685808555198,"metric":{"epoch":null,"metricName":"sys.ram.total","metricValue":17106575360,"step":null}},"type":"metric_msg"}
{"payload":{"local_timestamp":1685808555198,"metric":{"epoch":null,"metricName":"sys.ram.used","metricValue":13790273536,"step":null}},"type":"metric_msg"}
{"payload":{"local_timestamp":1685808613434,"metric":{"epoch":null,"metricName":"sys.gpu.0.free_memory","metricValue":1809293312,"step":null}},"type":"metric_msg"}
{"payload":{"local_timestamp":1685808613434,"metric":{"epoch":null,"metricName":"sys.gpu.0.gpu_utilization","metricValue":31,"step":null}},"type":"metric_msg"}
{"payload":{"local_timestamp":1685808613434,"metric":{"epoch":null,"metricName":"sys.gpu.0.power_usage","metricValue":25819,"step":null}},"type":"metric_msg"}
{"payload":{"local_timestamp":1685808613434,"metric":{"epoch":null,"metricName":"sys.gpu.0.temperature","metricValue":47,"step":null}},"type":"metric_msg"}
{"payload":{"local_timestamp":1685808613434,"metric":{"epoch":null,"metricName":"sys.gpu.0.used_memory","metricValue":2485673984,"step":null}},"type":"metric_msg"}
{"payload":{"local_timestamp":1685808615829,"metric":{"epoch":null,"metricName":"sys.cpu.percent.avg","metricValue":100.0,"step":null}},"type":"metric_msg"}
{"payload":{"local_timestamp":1685808615829,"metric":{"epoch":null,"metricName":"sys.compute.overall","metricValue":100.0,"step":null}},"type":"metric_msg"}
{"payload":{"local_timestamp":1685808615829,"metric":{"epoch":null,"metricName":"sys.compute.utilized","metricValue":0.0,"step":null}},"type":"metric_msg"}
{"payload":{"local_timestamp":1685808615829,"metric":{"epoch":null,"metricName":"sys.load.avg","metricValue":14.67,"step":null}},"type":"metric_msg"}
{"payload":{"local_timestamp":1685808615829,"metric":{"epoch":null,"metricName":"sys.ram.total","metricValue":17106575360,"step":null}},"type":"metric_msg"}
{"payload":{"local_timestamp":1685808615829,"metric":{"epoch":null,"metricName":"sys.ram.used","metricValue":14163636224,"step":null}},"type":"metric_msg"}
{"payload":{"local_timestamp":1685808673957,"metric":{"epoch":null,"metricName":"sys.gpu.0.free_memory","metricValue":1801289728,"step":null}},"type":"metric_msg"}
{"payload":{"local_timestamp":1685808673957,"metric":{"epoch":null,"metricName":"sys.gpu.0.gpu_utilization","metricValue":40,"step":null}},"type":"metric_msg"}
{"payload":{"local_timestamp":1685808673957,"metric":{"epoch":null,"metricName":"sys.gpu.0.power_usage","metricValue":25497,"step":null}},"type":"metric_msg"}
{"payload":{"local_timestamp":1685808673957,"metric":{"epoch":null,"metricName":"sys.gpu.0.temperature","metricValue":47,"step":null}},"type":"metric_msg"}
{"payload":{"local_timestamp":1685808673957,"metric":{"epoch":null,"metricName":"sys.gpu.0.used_memory","metricValue":2493677568,"step":null}},"type":"metric_msg"}
{"payload":{"local_timestamp":1685808676566,"metric":{"epoch":null,"metricName":"sys.cpu.percent.avg","metricValue":99.98333333333333,"step":null}},"type":"metric_msg"}
{"payload":{"local_timestamp":1685808676566,"metric":{"epoch":null,"metricName":"sys.compute.overall","metricValue":100.0,"step":null}},"type":"metric_msg"}
{"payload":{"local_timestamp":1685808676566,"metric":{"epoch":null,"metricName":"sys.compute.utilized","metricValue":0.0,"step":null}},"type":"metric_msg"}
{"payload":{"local_timestamp":1685808676566,"metric":{"epoch":null,"metricName":"sys.load.avg","metricValue":11.93,"step":null}},"type":"metric_msg"}
{"payload":{"local_timestamp":1685808676566,"metric":{"epoch":null,"metricName":"sys.ram.total","metricValue":17106575360,"step":null}},"type":"metric_msg"}
{"payload":{"local_timestamp":1685808676566,"metric":{"epoch":null,"metricName":"sys.ram.used","metricValue":12142768128,"step":null}},"type":"metric_msg"}
{"payload":{"local_timestamp":1685808734295,"output":"\u001b[1;38;5;39mCOMET INFO:\u001b[0m ---------------------------------------------------------------------------------------\n","stderr":true},"type":"standard_output"}
{"payload":{"local_timestamp":1685808734295,"output":"\u001b[1;38;5;39mCOMET INFO:\u001b[0m Comet.ml Experiment Summary\n","stderr":true},"type":"standard_output"}
{"payload":{"local_timestamp":1685808734296,"output":"\u001b[1;38;5;39mCOMET INFO:\u001b[0m ---------------------------------------------------------------------------------------\n","stderr":true},"type":"standard_output"}
{"payload":{"local_timestamp":1685808734296,"output":"\u001b[1;38;5;39mCOMET INFO:\u001b[0m   Data:\n","stderr":true},"type":"standard_output"}
{"payload":{"local_timestamp":1685808734297,"output":"\u001b[1;38;5;39mCOMET INFO:\u001b[0m     display_summary_level : 1\n","stderr":true},"type":"standard_output"}
{"payload":{"local_timestamp":1685808734298,"output":"\u001b[1;38;5;39mCOMET INFO:\u001b[0m     url                   : \u001b[38;5;39mhttps://www.comet.com/eskortz/general/12a1ecae7ef74f7aab95a0fe09f7f37e\u001b[0m\n","stderr":true},"type":"standard_output"}
{"payload":{"local_timestamp":1685808734298,"output":"\u001b[1;38;5;39mCOMET INFO:\u001b[0m   Uploads:\n","stderr":true},"type":"standard_output"}
{"payload":{"local_timestamp":1685808734299,"output":"\u001b[1;38;5;39mCOMET INFO:\u001b[0m     environment details      : 1\n","stderr":true},"type":"standard_output"}
{"payload":{"local_timestamp":1685808734299,"output":"\u001b[1;38;5;39mCOMET INFO:\u001b[0m     filename                 : 1\n","stderr":true},"type":"standard_output"}
{"payload":{"local_timestamp":1685808734300,"output":"\u001b[1;38;5;39mCOMET INFO:\u001b[0m     git metadata             : 1\n","stderr":true},"type":"standard_output"}
{"payload":{"local_timestamp":1685808734302,"output":"\u001b[1;38;5;39mCOMET INFO:\u001b[0m     git-patch (uncompressed) : 1 (6.14 KB)\n","stderr":true},"type":"standard_output"}
{"payload":{"local_timestamp":1685808734302,"output":"\u001b[1;38;5;39mCOMET INFO:\u001b[0m     installed packages       : 1\n","stderr":true},"type":"standard_output"}
{"payload":{"local_timestamp":1685808734304,"output":"\u001b[1;38;5;39mCOMET INFO:\u001b[0m     source_code              : 2 (67.62 KB)\n","stderr":true},"type":"standard_output"}
{"payload":{"local_timestamp":1685808734324,"output":"\u001b[1;38;5;39mCOMET INFO:\u001b[0m \n","stderr":true},"type":"standard_output"}
{"payload":{"local_timestamp":1685808734399,"metric":{"epoch":null,"metricName":"sys.gpu.0.free_memory","metricValue":1895481344,"step":null}},"type":"metric_msg"}
{"payload":{"local_timestamp":1685808734399,"metric":{"epoch":null,"metricName":"sys.gpu.0.gpu_utilization","metricValue":30,"step":null}},"type":"metric_msg"}
{"payload":{"local_timestamp":1685808734399,"metric":{"epoch":null,"metricName":"sys.gpu.0.power_usage","metricValue":26852,"step":null}},"type":"metric_msg"}
{"payload":{"local_timestamp":1685808734399,"metric":{"epoch":null,"metricName":"sys.gpu.0.temperature","metricValue":47,"step":null}},"type":"metric_msg"}
{"payload":{"local_timestamp":1685808734399,"metric":{"epoch":null,"metricName":"sys.gpu.0.used_memory","metricValue":2399485952,"step":null}},"type":"metric_msg"}
